Fecha,Categoria,Producto,Precio_ARS,Precio_USD,Dolar_ARS
2026-03-03,Tortas y Postres,TARTA BLANCA DE RICOTA,42.0,0.03,1435.0
2026-03-03,Tortas y Postres,ALVEAR,42.0,0.03,1435.0
2026-03-03,Tortas y Postres,SAINT HONORE,45.0,0.03,1435.0
2026-03-03,Tortas Individuales,LEMON PIE,6.0,0.0,1435.0
2026-03-03,Tortas Individuales,TARTA DE FRUTAS DE ESTACION,6.0,0.0,1435.0
2026-03-03,Tortas y Postres,TORTELL,49.0,0.03,1435.0
2026-03-03,Tortas Individuales,POSTRE NURIA,6.0,0.0,1435.0
2026-03-03,Tortas Individuales,TARTA TOFFI,6.0,0.0,1435.0
2026-03-03,Tortas y Postres,TARTA BROWNIE,45.0,0.03,1435.0
2026-03-03,Tortas Individuales,GANACHE DE CHOCOLATE,6.0,0.0,1435.0
2026-03-03,Tortas y Postres,COMBINADO,42.0,0.03,1435.0
2026-03-03,Tortas Individuales,MIL HOJAS,5.6,0.0,1435.0
2026-03-03,Tortas y Postres,TORTA DE NUEZ Y CHOCOLATE,42.0,0.03,1435.0
2026-03-03,Tortas y Postres,CHEESECAKE DE LIMON,5.7,0.0,1435.0
2026-03-03,Tortas y Postres,KROCCO MILK,6.0,0.0,1435.0
2026-03-03,Tortas y Postres,FILETEADO,42.0,0.03,1435.0
2026-03-03,Tortas y Postres,BAVAROIS DE LIMÓN,6.0,0.0,1435.0
2026-03-03,Tortas y Postres,TIRAMISU,5.7,0.0,1435.0
2026-03-03,Tortas y Postres,STRACIATELLA DULCE DE LECHE,6.0,0.0,1435.0
2026-03-03,Tortas y Postres,ARROLLADO DE DULCE DE LECHE,19.5,0.01,1435.0
2026-03-03,Tortas y Postres,ARROLLADO DE CHANTILLY,19.5,0.01,1435.0
2026-03-03,Tortas y Postres,APPLE PIE,31.3,0.02,1435.0
2026-03-03,Tortas y Postres,GANACHE DE FRUTILLAS,45.0,0.03,1435.0
2026-03-03,Tortas y Postres,TARTA DE FRUTAS SECAS,6.0,0.0,1435.0
2026-03-03,Tortas y Postres,POSTRE DE LECHE,42.0,0.03,1435.0
2026-03-03,Tortas y Postres,TORTA DE MANZANAS INVERTIDA,36.4,0.03,1435.0
2026-03-03,Tortas y Postres,POSTRE TRES LECHES,6.0,0.0,1435.0
2026-03-03,Tortas y Postres,ORIENTE,6.0,0.0,1435.0
2026-03-03,Tortas y Postres,SELVA NEGRA,42.0,0.03,1435.0
2026-03-03,Tortas y Postres,ROGEL,5.7,0.0,1435.0
2026-03-03,Tortas y Postres,CHAJA CON DURAZNOS,6.0,0.0,1435.0
2026-03-03,Tortas y Postres,BAVAROIS DE TRES CHOCOLATES,6.0,0.0,1435.0
2026-03-03,Tortas y Postres,CHOCOTORTA,6.0,0.0,1435.0
2026-03-03,Pasteleria y Panaderia,ALFAJORES,2.75,0.0,1435.0
2026-03-03,Pasteleria y Panaderia,BUDINES,8.8,0.01,1435.0
2026-03-03,Pasteleria y Panaderia,MASAS SECAS,42.0,0.03,1435.0
2026-03-03,Pasteleria y Panaderia,MASAS FINAS,42.0,0.03,1435.0
2026-03-03,Pasteleria y Panaderia,FACTURAS FINAS,23.5,0.02,1435.0
2026-03-03,Pasteleria y Panaderia,FACTURAS,21.0,0.01,1435.0
2026-03-03,Pasteleria y Panaderia,MEDIALUNAS,21.0,0.01,1435.0
2026-03-03,Pasteleria y Panaderia,MACARRONES,52.9,0.04,1435.0
2026-03-03,Salados,EMPANADAS,2.4,0.0,1435.0
2026-03-03,Salados,TARTAS POR PORCIÓN,6.0,0.0,1435.0
2026-03-03,Salados,SÁNDWICHES DE MIGA,14.3,0.01,1435.0
2026-03-03,Salados,PASTAS,5.3,0.0,1435.0
2026-03-04,Tortas y Postres,TARTA BLANCA DE RICOTA,42.0,0.03,1425.0
2026-03-04,Tortas y Postres,ALVEAR,42.0,0.03,1425.0
2026-03-04,Tortas y Postres,SAINT HONORE,45.0,0.03,1425.0
2026-03-04,Tortas Individuales,LEMON PIE,6.0,0.0,1425.0
2026-03-04,Tortas Individuales,TARTA DE FRUTAS DE ESTACION,6.0,0.0,1425.0
2026-03-04,Tortas y Postres,TORTELL,49.0,0.03,1425.0
2026-03-04,Tortas Individuales,POSTRE NURIA,6.0,0.0,1425.0
2026-03-04,Tortas Individuales,TARTA TOFFI,6.0,0.0,1425.0
2026-03-04,Tortas y Postres,TARTA BROWNIE,45.0,0.03,1425.0
2026-03-04,Tortas Individuales,GANACHE DE CHOCOLATE,6.0,0.0,1425.0
2026-03-04,Tortas y Postres,COMBINADO,42.0,0.03,1425.0
2026-03-04,Tortas Individuales,MIL HOJAS,5.6,0.0,1425.0
2026-03-04,Tortas y Postres,TORTA DE NUEZ Y CHOCOLATE,42.0,0.03,1425.0
2026-03-04,Tortas y Postres,CHEESECAKE DE LIMON,5.7,0.0,1425.0
2026-03-04,Tortas y Postres,KROCCO MILK,6.0,0.0,1425.0
2026-03-04,Tortas y Postres,FILETEADO,42.0,0.03,1425.0
2026-03-04,Tortas y Postres,BAVAROIS DE LIMÓN,6.0,0.0,1425.0
2026-03-04,Tortas y Postres,TIRAMISU,5.7,0.0,1425.0
2026-03-04,Tortas y Postres,STRACIATELLA DULCE DE LECHE,6.0,0.0,1425.0
2026-03-04,Tortas y Postres,ARROLLADO DE DULCE DE LECHE,19.5,0.01,1425.0
2026-03-04,Tortas y Postres,ARROLLADO DE CHANTILLY,19.5,0.01,1425.0
2026-03-04,Tortas y Postres,APPLE PIE,31.3,0.02,1425.0
2026-03-04,Tortas y Postres,GANACHE DE FRUTILLAS,45.0,0.03,1425.0
2026-03-04,Tortas y Postres,TARTA DE FRUTAS SECAS,6.0,0.0,1425.0
2026-03-04,Tortas y Postres,POSTRE DE LECHE,42.0,0.03,1425.0
2026-03-04,Tortas y Postres,TORTA DE MANZANAS INVERTIDA,36.4,0.03,1425.0
2026-03-04,Tortas y Postres,POSTRE TRES LECHES,6.0,0.0,1425.0
2026-03-04,Tortas y Postres,ORIENTE,6.0,0.0,1425.0
2026-03-04,Tortas y Postres,SELVA NEGRA,42.0,0.03,1425.0
2026-03-04,Tortas y Postres,ROGEL,5.7,0.0,1425.0
2026-03-04,Tortas y Postres,CHAJA CON DURAZNOS,6.0,0.0,1425.0
2026-03-04,Tortas y Postres,BAVAROIS DE TRES CHOCOLATES,6.0,0.0,1425.0
2026-03-04,Tortas y Postres,CHOCOTORTA,6.0,0.0,1425.0
2026-03-04,Pasteleria y Panaderia,ALFAJORES,2.75,0.0,1425.0
2026-03-04,Pasteleria y Panaderia,BUDINES,8.8,0.01,1425.0
2026-03-04,Pasteleria y Panaderia,MASAS SECAS,42.0,0.03,1425.0
2026-03-04,Pasteleria y Panaderia,MASAS FINAS,42.0,0.03,1425.0
2026-03-04,Pasteleria y Panaderia,FACTURAS FINAS,23.5,0.02,1425.0
2026-03-04,Pasteleria y Panaderia,FACTURAS,21.0,0.01,1425.0
2026-03-04,Pasteleria y Panaderia,MEDIALUNAS,21.0,0.01,1425.0
2026-03-04,Pasteleria y Panaderia,MACARRONES,52.9,0.04,1425.0
2026-03-04,Salados,EMPANADAS,2.4,0.0,1425.0
2026-03-04,Salados,TARTAS POR PORCIÓN,6.0,0.0,1425.0
2026-03-04,Salados,SÁNDWICHES DE MIGA,14.3,0.01,1425.0
2026-03-04,Salados,PASTAS,5.3,0.0,1425.0
2026-03-05,Tortas y Postres,TARTA BLANCA DE RICOTA,42.0,0.03,1425.0
2026-03-05,Tortas y Postres,ALVEAR,42.0,0.03,1425.0
2026-03-05,Tortas y Postres,SAINT HONORE,45.0,0.03,1425.0
2026-03-05,Tortas Individuales,LEMON PIE,6.0,0.0,1425.0
2026-03-05,Tortas Individuales,TARTA DE FRUTAS DE ESTACION,6.0,0.0,1425.0
2026-03-05,Tortas y Postres,TORTELL,49.0,0.03,1425.0
2026-03-05,Tortas Individuales,POSTRE NURIA,6.0,0.0,1425.0
2026-03-05,Tortas Individuales,TARTA TOFFI,6.0,0.0,1425.0
2026-03-05,Tortas y Postres,TARTA BROWNIE,45.0,0.03,1425.0
2026-03-05,Tortas Individuales,GANACHE DE CHOCOLATE,6.0,0.0,1425.0
2026-03-05,Tortas y Postres,COMBINADO,42.0,0.03,1425.0
2026-03-05,Tortas Individuales,MIL HOJAS,5.6,0.0,1425.0
2026-03-05,Pasteleria y Panaderia,ALFAJORES,2.75,0.0,1425.0
2026-03-05,Pasteleria y Panaderia,BUDINES,8.8,0.01,1425.0
2026-03-05,Pasteleria y Panaderia,MASAS SECAS,42.0,0.03,1425.0
2026-03-05,Pasteleria y Panaderia,MASAS FINAS,42.0,0.03,1425.0
2026-03-05,Pasteleria y Panaderia,FACTURAS FINAS,23.5,0.02,1425.0
2026-03-05,Pasteleria y Panaderia,FACTURAS,21.0,0.01,1425.0
2026-03-05,Pasteleria y Panaderia,MEDIALUNAS,21.0,0.01,1425.0
2026-03-05,Pasteleria y Panaderia,MACARRONES,52.9,0.04,1425.0
2026-03-05,Salados,EMPANADAS,2.4,0.0,1425.0
2026-03-05,Salados,TARTAS POR PORCIÓN,6.0,0.0,1425.0
2026-03-05,Salados,SÁNDWICHES DE MIGA,14.3,0.01,1425.0
2026-03-05,Salados,PASTAS,5.3,0.0,1425.0
2026-03-06,Tortas y Postres,TARTA BLANCA DE RICOTA,42.0,0.03,1435.0
2026-03-06,Tortas y Postres,ALVEAR,42.0,0.03,1435.0
2026-03-06,Tortas y Postres,SAINT HONORE,45.0,0.03,1435.0
2026-03-06,Tortas Individuales,LEMON PIE,6.0,0.0,1435.0
2026-03-06,Tortas Individuales,TARTA DE FRUTAS DE ESTACION,6.0,0.0,1435.0
2026-03-06,Tortas y Postres,TORTELL,49.0,0.03,1435.0
2026-03-06,Tortas Individuales,POSTRE NURIA,6.0,0.0,1435.0
2026-03-06,Tortas Individuales,TARTA TOFFI,6.0,0.0,1435.0
2026-03-06,Tortas y Postres,TARTA BROWNIE,45.0,0.03,1435.0
2026-03-06,Tortas Individuales,GANACHE DE CHOCOLATE,6.0,0.0,1435.0
2026-03-06,Tortas y Postres,COMBINADO,42.0,0.03,1435.0
2026-03-06,Tortas Individuales,MIL HOJAS,5.6,0.0,1435.0
2026-03-06,Tortas y Postres,TORTA DE NUEZ Y CHOCOLATE,42.0,0.03,1435.0
2026-03-06,Tortas y Postres,CHEESECAKE DE LIMON,5.7,0.0,1435.0
2026-03-06,Tortas y Postres,KROCCO MILK,6.0,0.0,1435.0
2026-03-06,Tortas y Postres,FILETEADO,42.0,0.03,1435.0
2026-03-06,Tortas y Postres,BAVAROIS DE LIMÓN,6.0,0.0,1435.0
2026-03-06,Tortas y Postres,TIRAMISU,5.7,0.0,1435.0
2026-03-06,Tortas y Postres,STRACIATELLA DULCE DE LECHE,6.0,0.0,1435.0
2026-03-06,Tortas y Postres,ARROLLADO DE DULCE DE LECHE,19.5,0.01,1435.0
2026-03-06,Tortas y Postres,ARROLLADO DE CHANTILLY,19.5,0.01,1435.0
2026-03-06,Tortas y Postres,APPLE PIE,31.3,0.02,1435.0
2026-03-06,Tortas y Postres,GANACHE DE FRUTILLAS,45.0,0.03,1435.0
2026-03-06,Tortas y Postres,TARTA DE FRUTAS SECAS,6.0,0.0,1435.0
2026-03-06,Tortas y Postres,POSTRE DE LECHE,42.0,0.03,1435.0
2026-03-06,Tortas y Postres,TORTA DE MANZANAS INVERTIDA,36.4,0.03,1435.0
2026-03-06,Tortas y Postres,POSTRE TRES LECHES,6.0,0.0,1435.0
2026-03-06,Tortas y Postres,ORIENTE,6.0,0.0,1435.0
2026-03-06,Tortas y Postres,SELVA NEGRA,42.0,0.03,1435.0
2026-03-06,Tortas y Postres,ROGEL,5.7,0.0,1435.0
2026-03-06,Tortas y Postres,CHAJA CON DURAZNOS,6.0,0.0,1435.0
2026-03-06,Tortas y Postres,BAVAROIS DE TRES CHOCOLATES,6.0,0.0,1435.0
2026-03-06,Tortas y Postres,CHOCOTORTA,6.0,0.0,1435.0
2026-03-06,Pasteleria y Panaderia,ALFAJORES,2.75,0.0,1435.0
2026-03-06,Pasteleria y Panaderia,BUDINES,8.8,0.01,1435.0
2026-03-06,Pasteleria y Panaderia,MASAS SECAS,42.0,0.03,1435.0
2026-03-06,Pasteleria y Panaderia,MASAS FINAS,42.0,0.03,1435.0
2026-03-06,Pasteleria y Panaderia,FACTURAS FINAS,23.5,0.02,1435.0
2026-03-06,Pasteleria y Panaderia,FACTURAS,21.0,0.01,1435.0
2026-03-06,Pasteleria y Panaderia,MEDIALUNAS,21.0,0.01,1435.0
2026-03-06,Pasteleria y Panaderia,MACARRONES,52.9,0.04,1435.0
2026-03-06,Salados,EMPANADAS,2.4,0.0,1435.0
2026-03-06,Salados,TARTAS POR PORCIÓN,6.0,0.0,1435.0
2026-03-06,Salados,SÁNDWICHES DE MIGA,14.3,0.01,1435.0
2026-03-06,Salados,PASTAS,5.3,0.0,1435.0
2026-03-07,Tortas y Postres,TARTA BLANCA DE RICOTA,42.0,0.03,1435.0
2026-03-07,Tortas y Postres,ALVEAR,42.0,0.03,1435.0
2026-03-07,Tortas y Postres,SAINT HONORE,45.0,0.03,1435.0
2026-03-07,Tortas Individuales,LEMON PIE,6.0,0.0,1435.0
2026-03-07,Tortas Individuales,TARTA DE FRUTAS DE ESTACION,6.0,0.0,1435.0
2026-03-07,Tortas y Postres,TORTELL,49.0,0.03,1435.0
2026-03-07,Tortas Individuales,POSTRE NURIA,6.0,0.0,1435.0
2026-03-07,Tortas Individuales,TARTA TOFFI,6.0,0.0,1435.0
2026-03-07,Tortas y Postres,TARTA BROWNIE,45.0,0.03,1435.0
2026-03-07,Tortas Individuales,GANACHE DE CHOCOLATE,6.0,0.0,1435.0
2026-03-07,Tortas y Postres,COMBINADO,42.0,0.03,1435.0
2026-03-07,Tortas Individuales,MIL HOJAS,5.6,0.0,1435.0
2026-03-07,Tortas y Postres,TORTA DE NUEZ Y CHOCOLATE,42.0,0.03,1435.0
2026-03-07,Tortas y Postres,CHEESECAKE DE LIMON,5.7,0.0,1435.0
2026-03-07,Tortas y Postres,KROCCO MILK,6.0,0.0,1435.0
2026-03-07,Tortas y Postres,FILETEADO,42.0,0.03,1435.0
2026-03-07,Tortas y Postres,BAVAROIS DE LIMÓN,6.0,0.0,1435.0
2026-03-07,Tortas y Postres,TIRAMISU,5.7,0.0,1435.0
2026-03-07,Tortas y Postres,STRACIATELLA DULCE DE LECHE,6.0,0.0,1435.0
2026-03-07,Tortas y Postres,ARROLLADO DE DULCE DE LECHE,19.5,0.01,1435.0
2026-03-07,Tortas y Postres,ARROLLADO DE CHANTILLY,19.5,0.01,1435.0
2026-03-07,Tortas y Postres,APPLE PIE,31.3,0.02,1435.0
2026-03-07,Tortas y Postres,GANACHE DE FRUTILLAS,45.0,0.03,1435.0
2026-03-07,Tortas y Postres,TARTA DE FRUTAS SECAS,6.0,0.0,1435.0
2026-03-07,Tortas y Postres,POSTRE DE LECHE,42.0,0.03,1435.0
2026-03-07,Tortas y Postres,TORTA DE MANZANAS INVERTIDA,36.4,0.03,1435.0
2026-03-07,Tortas y Postres,POSTRE TRES LECHES,6.0,0.0,1435.0
2026-03-07,Tortas y Postres,ORIENTE,6.0,0.0,1435.0
2026-03-07,Tortas y Postres,SELVA NEGRA,42.0,0.03,1435.0
2026-03-07,Tortas y Postres,ROGEL,5.7,0.0,1435.0
2026-03-07,Tortas y Postres,CHAJA CON DURAZNOS,6.0,0.0,1435.0
2026-03-07,Tortas y Postres,BAVAROIS DE TRES CHOCOLATES,6.0,0.0,1435.0
2026-03-07,Tortas y Postres,CHOCOTORTA,6.0,0.0,1435.0
2026-03-07,Pasteleria y Panaderia,ALFAJORES,2.75,0.0,1435.0
2026-03-07,Pasteleria y Panaderia,BUDINES,8.8,0.01,1435.0
2026-03-07,Pasteleria y Panaderia,MASAS SECAS,42.0,0.03,1435.0
2026-03-07,Pasteleria y Panaderia,MASAS FINAS,42.0,0.03,1435.0
2026-03-07,Pasteleria y Panaderia,FACTURAS FINAS,23.5,0.02,1435.0
2026-03-07,Pasteleria y Panaderia,FACTURAS,21.0,0.01,1435.0
2026-03-07,Pasteleria y Panaderia,MEDIALUNAS,21.0,0.01,1435.0
2026-03-07,Pasteleria y Panaderia,MACARRONES,52.9,0.04,1435.0
2026-03-07,Salados,EMPANADAS,2.4,0.0,1435.0
2026-03-07,Salados,TARTAS POR PORCIÓN,6.0,0.0,1435.0
2026-03-07,Salados,SÁNDWICHES DE MIGA,14.3,0.01,1435.0
2026-03-07,Salados,PASTAS,5.3,0.0,1435.0
2026-03-08,Tortas y Postres,TARTA BLANCA DE RICOTA,42.0,0.03,1435.0
2026-03-08,Tortas y Postres,ALVEAR,42.0,0.03,1435.0
2026-03-08,Tortas y Postres,SAINT HONORE,45.0,0.03,1435.0
2026-03-08,Tortas Individuales,LEMON PIE,6.0,0.0,1435.0
2026-03-08,Tortas Individuales,TARTA DE FRUTAS DE ESTACION,6.0,0.0,1435.0
2026-03-08,Tortas y Postres,TORTELL,49.0,0.03,1435.0
2026-03-08,Tortas Individuales,POSTRE NURIA,6.0,0.0,1435.0
2026-03-08,Tortas Individuales,TARTA TOFFI,6.0,0.0,1435.0
2026-03-08,Tortas y Postres,TARTA BROWNIE,45.0,0.03,1435.0
2026-03-08,Tortas Individuales,GANACHE DE CHOCOLATE,6.0,0.0,1435.0
2026-03-08,Tortas y Postres,COMBINADO,42.0,0.03,1435.0
2026-03-08,Tortas Individuales,MIL HOJAS,5.6,0.0,1435.0
2026-03-08,Tortas y Postres,TORTA DE NUEZ Y CHOCOLATE,42.0,0.03,1435.0
2026-03-08,Tortas y Postres,CHEESECAKE DE LIMON,5.7,0.0,1435.0
2026-03-08,Tortas y Postres,KROCCO MILK,6.0,0.0,1435.0
2026-03-08,Tortas y Postres,FILETEADO,42.0,0.03,1435.0
2026-03-08,Tortas y Postres,BAVAROIS DE LIMÓN,6.0,0.0,1435.0
2026-03-08,Tortas y Postres,TIRAMISU,5.7,0.0,1435.0
2026-03-08,Tortas y Postres,STRACIATELLA DULCE DE LECHE,6.0,0.0,1435.0
2026-03-08,Tortas y Postres,ARROLLADO DE DULCE DE LECHE,19.5,0.01,1435.0
2026-03-08,Tortas y Postres,ARROLLADO DE CHANTILLY,19.5,0.01,1435.0
2026-03-08,Tortas y Postres,APPLE PIE,31.3,0.02,1435.0
2026-03-08,Tortas y Postres,GANACHE DE FRUTILLAS,45.0,0.03,1435.0
2026-03-08,Tortas y Postres,TARTA DE FRUTAS SECAS,6.0,0.0,1435.0
2026-03-08,Tortas y Postres,POSTRE DE LECHE,42.0,0.03,1435.0
2026-03-08,Tortas y Postres,TORTA DE MANZANAS INVERTIDA,36.4,0.03,1435.0
2026-03-08,Tortas y Postres,POSTRE TRES LECHES,6.0,0.0,1435.0
2026-03-08,Tortas y Postres,ORIENTE,6.0,0.0,1435.0
2026-03-08,Tortas y Postres,SELVA NEGRA,42.0,0.03,1435.0
2026-03-08,Tortas y Postres,ROGEL,5.7,0.0,1435.0
2026-03-08,Tortas y Postres,CHAJA CON DURAZNOS,6.0,0.0,1435.0
2026-03-08,Tortas y Postres,BAVAROIS DE TRES CHOCOLATES,6.0,0.0,1435.0
2026-03-08,Tortas y Postres,CHOCOTORTA,6.0,0.0,1435.0
2026-03-08,Pasteleria y Panaderia,ALFAJORES,2.75,0.0,1435.0
2026-03-08,Pasteleria y Panaderia,BUDINES,8.8,0.01,1435.0
2026-03-08,Pasteleria y Panaderia,MASAS SECAS,42.0,0.03,1435.0
2026-03-08,Pasteleria y Panaderia,MASAS FINAS,42.0,0.03,1435.0
2026-03-08,Pasteleria y Panaderia,FACTURAS FINAS,23.5,0.02,1435.0
2026-03-08,Pasteleria y Panaderia,FACTURAS,21.0,0.01,1435.0
2026-03-08,Pasteleria y Panaderia,MEDIALUNAS,21.0,0.01,1435.0
2026-03-08,Pasteleria y Panaderia,MACARRONES,52.9,0.04,1435.0
2026-03-08,Salados,EMPANADAS,2.4,0.0,1435.0
2026-03-08,Salados,TARTAS POR PORCIÓN,6.0,0.0,1435.0
2026-03-08,Salados,SÁNDWICHES DE MIGA,14.3,0.01,1435.0
2026-03-08,Salados,PASTAS,5.3,0.0,1435.0
2026-03-09,Tortas y Postres,TARTA BLANCA DE RICOTA,42.0,0.03,1435.0
2026-03-09,Tortas y Postres,ALVEAR,42.0,0.03,1435.0
2026-03-09,Tortas y Postres,SAINT HONORE,45.0,0.03,1435.0
2026-03-09,Tortas Individuales,LEMON PIE,6.0,0.0,1435.0
2026-03-09,Tortas Individuales,TARTA DE FRUTAS DE ESTACION,6.0,0.0,1435.0
2026-03-09,Tortas y Postres,TORTELL,49.0,0.03,1435.0
2026-03-09,Tortas Individuales,POSTRE NURIA,6.0,0.0,1435.0
2026-03-09,Tortas Individuales,TARTA TOFFI,6.0,0.0,1435.0
2026-03-09,Tortas y Postres,TARTA BROWNIE,45.0,0.03,1435.0
2026-03-09,Tortas Individuales,GANACHE DE CHOCOLATE,6.0,0.0,1435.0
2026-03-09,Tortas y Postres,COMBINADO,42.0,0.03,1435.0
2026-03-09,Tortas Individuales,MIL HOJAS,5.6,0.0,1435.0
2026-03-09,Tortas y Postres,TORTA DE NUEZ Y CHOCOLATE,42.0,0.03,1435.0
2026-03-09,Tortas y Postres,CHEESECAKE DE LIMON,5.7,0.0,1435.0
2026-03-09,Tortas y Postres,KROCCO MILK,6.0,0.0,1435.0
2026-03-09,Tortas y Postres,FILETEADO,42.0,0.03,1435.0
2026-03-09,Tortas y Postres,BAVAROIS DE LIMÓN,6.0,0.0,1435.0
2026-03-09,Tortas y Postres,TIRAMISU,5.7,0.0,1435.0
2026-03-09,Tortas y Postres,STRACIATELLA DULCE DE LECHE,6.0,0.0,1435.0
2026-03-09,Tortas y Postres,ARROLLADO DE DULCE DE LECHE,19.5,0.01,1435.0
2026-03-09,Tortas y Postres,ARROLLADO DE CHANTILLY,19.5,0.01,1435.0
2026-03-09,Tortas y Postres,APPLE PIE,31.3,0.02,1435.0
2026-03-09,Tortas y Postres,GANACHE DE FRUTILLAS,45.0,0.03,1435.0
2026-03-09,Tortas y Postres,TARTA DE FRUTAS SECAS,6.0,0.0,1435.0
2026-03-09,Tortas y Postres,POSTRE DE LECHE,42.0,0.03,1435.0
2026-03-09,Tortas y Postres,TORTA DE MANZANAS INVERTIDA,36.4,0.03,1435.0
2026-03-09,Tortas y Postres,POSTRE TRES LECHES,6.0,0.0,1435.0
2026-03-09,Tortas y Postres,ORIENTE,6.0,0.0,1435.0
2026-03-09,Tortas y Postres,SELVA NEGRA,42.0,0.03,1435.0
2026-03-09,Tortas y Postres,ROGEL,5.7,0.0,1435.0
2026-03-09,Tortas y Postres,CHAJA CON DURAZNOS,6.0,0.0,1435.0
2026-03-09,Tortas y Postres,BAVAROIS DE TRES CHOCOLATES,6.0,0.0,1435.0
2026-03-09,Tortas y Postres,CHOCOTORTA,6.0,0.0,1435.0
2026-03-09,Pasteleria y Panaderia,ALFAJORES,2.75,0.0,1435.0
2026-03-09,Pasteleria y Panaderia,BUDINES,8.8,0.01,1435.0
2026-03-09,Pasteleria y Panaderia,MASAS SECAS,42.0,0.03,1435.0
2026-03-09,Pasteleria y Panaderia,MASAS FINAS,42.0,0.03,1435.0
2026-03-09,Pasteleria y Panaderia,FACTURAS FINAS,23.5,0.02,1435.0
2026-03-09,Pasteleria y Panaderia,FACTURAS,21.0,0.01,1435.0
2026-03-09,Pasteleria y Panaderia,MEDIALUNAS,21.0,0.01,1435.0
2026-03-09,Pasteleria y Panaderia,MACARRONES,52.9,0.04,1435.0
2026-03-09,Salados,EMPANADAS,2.4,0.0,1435.0
2026-03-09,Salados,TARTAS POR PORCIÓN,6.0,0.0,1435.0
2026-03-09,Salados,SÁNDWICHES DE MIGA,14.3,0.01,1435.0
2026-03-09,Salados,PASTAS,5.3,0.0,1435.0
2026-03-10,Tortas y Postres,TARTA BLANCA DE RICOTA,42.0,0.03,1425.0
2026-03-10,Tortas y Postres,ALVEAR,42.0,0.03,1425.0
2026-03-10,Tortas y Postres,SAINT HONORE,45.0,0.03,1425.0
2026-03-10,Tortas Individuales,LEMON PIE,6.0,0.0,1425.0
2026-03-10,Tortas Individuales,TARTA DE FRUTAS DE ESTACION,6.0,0.0,1425.0
2026-03-10,Tortas y Postres,TORTELL,49.0,0.03,1425.0
2026-03-10,Tortas Individuales,POSTRE NURIA,6.0,0.0,1425.0
2026-03-10,Tortas Individuales,TARTA TOFFI,6.0,0.0,1425.0
2026-03-10,Tortas y Postres,TARTA BROWNIE,45.0,0.03,1425.0
2026-03-10,Tortas Individuales,GANACHE DE CHOCOLATE,6.0,0.0,1425.0
2026-03-10,Tortas y Postres,COMBINADO,42.0,0.03,1425.0
2026-03-10,Tortas Individuales,MIL HOJAS,5.6,0.0,1425.0
2026-03-10,Tortas y Postres,TORTA DE NUEZ Y CHOCOLATE,42.0,0.03,1425.0
2026-03-10,Tortas y Postres,CHEESECAKE DE LIMON,5.7,0.0,1425.0
2026-03-10,Tortas y Postres,KROCCO MILK,6.0,0.0,1425.0
2026-03-10,Tortas y Postres,FILETEADO,42.0,0.03,1425.0
2026-03-10,Tortas y Postres,BAVAROIS DE LIMÓN,6.0,0.0,1425.0
2026-03-10,Tortas y Postres,TIRAMISU,5.7,0.0,1425.0
2026-03-10,Tortas y Postres,STRACIATELLA DULCE DE LECHE,6.0,0.0,1425.0
2026-03-10,Tortas y Postres,ARROLLADO DE DULCE DE LECHE,19.5,0.01,1425.0
2026-03-10,Tortas y Postres,ARROLLADO DE CHANTILLY,19.5,0.01,1425.0
2026-03-10,Tortas y Postres,APPLE PIE,31.3,0.02,1425.0
2026-03-10,Tortas y Postres,GANACHE DE FRUTILLAS,45.0,0.03,1425.0
2026-03-10,Tortas y Postres,TARTA DE FRUTAS SECAS,6.0,0.0,1425.0
2026-03-10,Tortas y Postres,POSTRE DE LECHE,42.0,0.03,1425.0
2026-03-10,Tortas y Postres,TORTA DE MANZANAS INVERTIDA,36.4,0.03,1425.0
2026-03-10,Tortas y Postres,POSTRE TRES LECHES,6.0,0.0,1425.0
2026-03-10,Tortas y Postres,ORIENTE,6.0,0.0,1425.0
2026-03-10,Tortas y Postres,SELVA NEGRA,42.0,0.03,1425.0
2026-03-10,Tortas y Postres,ROGEL,5.7,0.0,1425.0
2026-03-10,Tortas y Postres,CHAJA CON DURAZNOS,6.0,0.0,1425.0
2026-03-10,Tortas y Postres,BAVAROIS DE TRES CHOCOLATES,6.0,0.0,1425.0
2026-03-10,Tortas y Postres,CHOCOTORTA,6.0,0.0,1425.0
2026-03-10,Pasteleria y Panaderia,ALFAJORES,2.75,0.0,1425.0
2026-03-10,Pasteleria y Panaderia,BUDINES,8.8,0.01,1425.0
2026-03-10,Pasteleria y Panaderia,MASAS SECAS,42.0,0.03,1425.0
2026-03-10,Pasteleria y Panaderia,MASAS FINAS,42.0,0.03,1425.0
2026-03-10,Pasteleria y Panaderia,FACTURAS FINAS,23.5,0.02,1425.0
2026-03-10,Pasteleria y Panaderia,FACTURAS,21.0,0.01,1425.0
2026-03-10,Pasteleria y Panaderia,MEDIALUNAS,21.0,0.01,1425.0
2026-03-10,Pasteleria y Panaderia,MACARRONES,52.9,0.04,1425.0
2026-03-10,Salados,EMPANADAS,2.4,0.0,1425.0
2026-03-10,Salados,TARTAS POR PORCIÓN,6.0,0.0,1425.0
2026-03-10,Salados,SÁNDWICHES DE MIGA,14.3,0.01,1425.0
2026-03-10,Salados,PASTAS,5.3,0.0,1425.0
2026-03-11,Tortas y Postres,TARTA BLANCA DE RICOTA,42.0,0.03,1420.0
2026-03-11,Tortas y Postres,ALVEAR,42.0,0.03,1420.0
2026-03-11,Tortas y Postres,SAINT HONORE,45.0,0.03,1420.0
2026-03-11,Tortas Individuales,LEMON PIE,6.0,0.0,1420.0
2026-03-11,Tortas Individuales,TARTA DE FRUTAS DE ESTACION,6.0,0.0,1420.0
2026-03-11,Tortas y Postres,TORTELL,49.0,0.03,1420.0
2026-03-11,Tortas Individuales,POSTRE NURIA,6.0,0.0,1420.0
2026-03-11,Tortas Individuales,TARTA TOFFI,6.0,0.0,1420.0
2026-03-11,Tortas y Postres,TARTA BROWNIE,45.0,0.03,1420.0
2026-03-11,Tortas Individuales,GANACHE DE CHOCOLATE,6.0,0.0,1420.0
2026-03-11,Tortas y Postres,COMBINADO,42.0,0.03,1420.0
2026-03-11,Tortas Individuales,MIL HOJAS,5.6,0.0,1420.0
2026-03-11,Tortas y Postres,TORTA DE NUEZ Y CHOCOLATE,42.0,0.03,1420.0
2026-03-11,Tortas y Postres,CHEESECAKE DE LIMON,5.7,0.0,1420.0
2026-03-11,Tortas y Postres,KROCCO MILK,6.0,0.0,1420.0
2026-03-11,Tortas y Postres,FILETEADO,42.0,0.03,1420.0
2026-03-11,Tortas y Postres,BAVAROIS DE LIMÓN,6.0,0.0,1420.0
2026-03-11,Tortas y Postres,TIRAMISU,5.7,0.0,1420.0
2026-03-11,Tortas y Postres,STRACIATELLA DULCE DE LECHE,6.0,0.0,1420.0
2026-03-11,Tortas y Postres,ARROLLADO DE DULCE DE LECHE,19.5,0.01,1420.0
2026-03-11,Tortas y Postres,ARROLLADO DE CHANTILLY,19.5,0.01,1420.0
2026-03-11,Tortas y Postres,APPLE PIE,31.3,0.02,1420.0
2026-03-11,Tortas y Postres,GANACHE DE FRUTILLAS,45.0,0.03,1420.0
2026-03-11,Tortas y Postres,TARTA DE FRUTAS SECAS,6.0,0.0,1420.0
2026-03-11,Tortas y Postres,POSTRE DE LECHE,42.0,0.03,1420.0
2026-03-11,Tortas y Postres,TORTA DE MANZANAS INVERTIDA,36.4,0.03,1420.0
2026-03-11,Tortas y Postres,POSTRE TRES LECHES,6.0,0.0,1420.0
2026-03-11,Tortas y Postres,ORIENTE,6.0,0.0,1420.0
2026-03-11,Tortas y Postres,SELVA NEGRA,42.0,0.03,1420.0
2026-03-11,Tortas y Postres,ROGEL,5.7,0.0,1420.0
2026-03-11,Tortas y Postres,CHAJA CON DURAZNOS,6.0,0.0,1420.0
2026-03-11,Tortas y Postres,BAVAROIS DE TRES CHOCOLATES,6.0,0.0,1420.0
2026-03-11,Tortas y Postres,CHOCOTORTA,6.0,0.0,1420.0
2026-03-11,Pasteleria y Panaderia,ALFAJORES,2.75,0.0,1420.0
2026-03-11,Pasteleria y Panaderia,BUDINES,8.8,0.01,1420.0
2026-03-11,Pasteleria y Panaderia,MASAS SECAS,42.0,0.03,1420.0
2026-03-11,Pasteleria y Panaderia,MASAS FINAS,42.0,0.03,1420.0
2026-03-11,Pasteleria y Panaderia,FACTURAS FINAS,23.5,0.02,1420.0
2026-03-11,Pasteleria y Panaderia,FACTURAS,21.0,0.01,1420.0
2026-03-11,Pasteleria y Panaderia,MEDIALUNAS,21.0,0.01,1420.0
2026-03-11,Pasteleria y Panaderia,MACARRONES,52.9,0.04,1420.0
2026-03-11,Salados,EMPANADAS,2.4,0.0,1420.0
2026-03-11,Salados,TARTAS POR PORCIÓN,6.0,0.0,1420.0
2026-03-11,Salados,SÁNDWICHES DE MIGA,14.3,0.01,1420.0
2026-03-11,Salados,PASTAS,5.3,0.0,1420.0
2026-03-13,Tortas y Postres,TARTA BLANCA DE RICOTA,42.0,0.03,1410.0
2026-03-13,Tortas y Postres,ALVEAR,42.0,0.03,1410.0
2026-03-13,Tortas y Postres,SAINT HONORE,45.0,0.03,1410.0
2026-03-13,Tortas Individuales,LEMON PIE,6.0,0.0,1410.0
2026-03-13,Tortas Individuales,TARTA DE FRUTAS DE ESTACION,6.0,0.0,1410.0
2026-03-13,Tortas y Postres,TORTELL,49.0,0.03,1410.0
2026-03-13,Tortas Individuales,POSTRE NURIA,6.0,0.0,1410.0
2026-03-13,Tortas Individuales,TARTA TOFFI,6.0,0.0,1410.0
2026-03-13,Tortas y Postres,TARTA BROWNIE,45.0,0.03,1410.0
2026-03-13,Tortas Individuales,GANACHE DE CHOCOLATE,6.0,0.0,1410.0
2026-03-13,Tortas y Postres,COMBINADO,42.0,0.03,1410.0
2026-03-13,Tortas Individuales,MIL HOJAS,5.6,0.0,1410.0
2026-03-13,Tortas y Postres,TORTA DE NUEZ Y CHOCOLATE,42.0,0.03,1410.0
2026-03-13,Tortas y Postres,CHEESECAKE DE LIMON,5.7,0.0,1410.0
2026-03-13,Tortas y Postres,KROCCO MILK,6.0,0.0,1410.0
2026-03-13,Tortas y Postres,FILETEADO,42.0,0.03,1410.0
2026-03-13,Tortas y Postres,BAVAROIS DE LIMÓN,6.0,0.0,1410.0
2026-03-13,Tortas y Postres,TIRAMISU,5.7,0.0,1410.0
2026-03-13,Tortas y Postres,STRACIATELLA DULCE DE LECHE,6.0,0.0,1410.0
2026-03-13,Tortas y Postres,ARROLLADO DE DULCE DE LECHE,19.5,0.01,1410.0
2026-03-13,Tortas y Postres,ARROLLADO DE CHANTILLY,19.5,0.01,1410.0
2026-03-13,Tortas y Postres,APPLE PIE,31.3,0.02,1410.0
2026-03-13,Tortas y Postres,GANACHE DE FRUTILLAS,45.0,0.03,1410.0
2026-03-13,Tortas y Postres,TARTA DE FRUTAS SECAS,6.0,0.0,1410.0
2026-03-13,Tortas y Postres,POSTRE DE LECHE,42.0,0.03,1410.0
2026-03-13,Tortas y Postres,TORTA DE MANZANAS INVERTIDA,36.4,0.03,1410.0
2026-03-13,Tortas y Postres,POSTRE TRES LECHES,6.0,0.0,1410.0
2026-03-13,Tortas y Postres,ORIENTE,6.0,0.0,1410.0
2026-03-13,Tortas y Postres,SELVA NEGRA,42.0,0.03,1410.0
2026-03-13,Tortas y Postres,ROGEL,5.7,0.0,1410.0
2026-03-13,Tortas y Postres,CHAJA CON DURAZNOS,6.0,0.0,1410.0
2026-03-13,Tortas y Postres,BAVAROIS DE TRES CHOCOLATES,6.0,0.0,1410.0
2026-03-13,Tortas y Postres,CHOCOTORTA,6.0,0.0,1410.0
2026-03-13,Pasteleria y Panaderia,ALFAJORES,2.75,0.0,1410.0
2026-03-13,Pasteleria y Panaderia,BUDINES,8.8,0.01,1410.0
2026-03-13,Pasteleria y Panaderia,MASAS SECAS,42.0,0.03,1410.0
2026-03-13,Pasteleria y Panaderia,MASAS FINAS,42.0,0.03,1410.0
2026-03-13,Pasteleria y Panaderia,FACTURAS FINAS,23.5,0.02,1410.0
2026-03-13,Pasteleria y Panaderia,FACTURAS,21.0,0.01,1410.0
2026-03-13,Pasteleria y Panaderia,MEDIALUNAS,21.0,0.01,1410.0
2026-03-13,Pasteleria y Panaderia,MACARRONES,52.9,0.04,1410.0
2026-03-13,Salados,EMPANADAS,2.4,0.0,1410.0
2026-03-13,Salados,TARTAS POR PORCIÓN,6.0,0.0,1410.0
2026-03-13,Salados,SÁNDWICHES DE MIGA,14.3,0.01,1410.0
2026-03-13,Salados,PASTAS,5.3,0.0,1410.0
2026-03-14,Tortas y Postres,TARTA BLANCA DE RICOTA,42.0,0.03,1420.0
2026-03-14,Tortas y Postres,ALVEAR,42.0,0.03,1420.0
2026-03-14,Tortas y Postres,SAINT HONORE,45.0,0.03,1420.0
2026-03-14,Tortas Individuales,LEMON PIE,6.0,0.0,1420.0
2026-03-14,Tortas Individuales,TARTA DE FRUTAS DE ESTACION,6.0,0.0,1420.0
2026-03-14,Tortas y Postres,TORTELL,49.0,0.03,1420.0
2026-03-14,Tortas Individuales,POSTRE NURIA,6.0,0.0,1420.0
2026-03-14,Tortas Individuales,TARTA TOFFI,6.0,0.0,1420.0
2026-03-14,Tortas y Postres,TARTA BROWNIE,45.0,0.03,1420.0
2026-03-14,Tortas Individuales,GANACHE DE CHOCOLATE,6.0,0.0,1420.0
2026-03-14,Tortas y Postres,COMBINADO,42.0,0.03,1420.0
2026-03-14,Tortas Individuales,MIL HOJAS,5.6,0.0,1420.0
2026-03-14,Tortas y Postres,TORTA DE NUEZ Y CHOCOLATE,42.0,0.03,1420.0
2026-03-14,Tortas y Postres,CHEESECAKE DE LIMON,5.7,0.0,1420.0
2026-03-14,Tortas y Postres,KROCCO MILK,6.0,0.0,1420.0
2026-03-14,Tortas y Postres,FILETEADO,42.0,0.03,1420.0
2026-03-14,Tortas y Postres,BAVAROIS DE LIMÓN,6.0,0.0,1420.0
2026-03-14,Tortas y Postres,TIRAMISU,5.7,0.0,1420.0
2026-03-14,Tortas y Postres,STRACIATELLA DULCE DE LECHE,6.0,0.0,1420.0
2026-03-14,Tortas y Postres,ARROLLADO DE DULCE DE LECHE,19.5,0.01,1420.0
2026-03-14,Tortas y Postres,ARROLLADO DE CHANTILLY,19.5,0.01,1420.0
2026-03-14,Tortas y Postres,APPLE PIE,31.3,0.02,1420.0
2026-03-14,Tortas y Postres,GANACHE DE FRUTILLAS,45.0,0.03,1420.0
2026-03-14,Tortas y Postres,TARTA DE FRUTAS SECAS,6.0,0.0,1420.0
2026-03-14,Tortas y Postres,POSTRE DE LECHE,42.0,0.03,1420.0
2026-03-14,Tortas y Postres,TORTA DE MANZANAS INVERTIDA,36.4,0.03,1420.0
2026-03-14,Tortas y Postres,POSTRE TRES LECHES,6.0,0.0,1420.0
2026-03-14,Tortas y Postres,ORIENTE,6.0,0.0,1420.0
2026-03-14,Tortas y Postres,SELVA NEGRA,42.0,0.03,1420.0
2026-03-14,Tortas y Postres,ROGEL,5.7,0.0,1420.0
2026-03-14,Tortas y Postres,CHAJA CON DURAZNOS,6.0,0.0,1420.0
2026-03-14,Tortas y Postres,BAVAROIS DE TRES CHOCOLATES,6.0,0.0,1420.0
2026-03-14,Tortas y Postres,CHOCOTORTA,6.0,0.0,1420.0
2026-03-14,Pasteleria y Panaderia,ALFAJORES,2.75,0.0,1420.0
2026-03-14,Pasteleria y Panaderia,BUDINES,8.8,0.01,1420.0
2026-03-14,Pasteleria y Panaderia,MASAS SECAS,42.0,0.03,1420.0
2026-03-14,Pasteleria y Panaderia,MASAS FINAS,42.0,0.03,1420.0
2026-03-14,Pasteleria y Panaderia,FACTURAS FINAS,23.5,0.02,1420.0
2026-03-14,Pasteleria y Panaderia,FACTURAS,21.0,0.01,1420.0
2026-03-14,Pasteleria y Panaderia,MEDIALUNAS,21.0,0.01,1420.0
2026-03-14,Pasteleria y Panaderia,MACARRONES,52.9,0.04,1420.0
2026-03-14,Salados,EMPANADAS,2.4,0.0,1420.0
2026-03-14,Salados,TARTAS POR PORCIÓN,6.0,0.0,1420.0
2026-03-14,Salados,SÁNDWICHES DE MIGA,14.3,0.01,1420.0
2026-03-14,Salados,PASTAS,5.3,0.0,1420.0
2026-03-15,Tortas y Postres,TARTA BLANCA DE RICOTA,42.0,0.03,1420.0
2026-03-15,Tortas y Postres,ALVEAR,42.0,0.03,1420.0
2026-03-15,Tortas y Postres,SAINT HONORE,45.0,0.03,1420.0
2026-03-15,Tortas Individuales,LEMON PIE,6.0,0.0,1420.0
2026-03-15,Tortas Individuales,TARTA DE FRUTAS DE ESTACION,6.0,0.0,1420.0
2026-03-15,Tortas y Postres,TORTELL,49.0,0.03,1420.0
2026-03-15,Tortas Individuales,POSTRE NURIA,6.0,0.0,1420.0
2026-03-15,Tortas Individuales,TARTA TOFFI,6.0,0.0,1420.0
2026-03-15,Tortas y Postres,TARTA BROWNIE,45.0,0.03,1420.0
2026-03-15,Tortas Individuales,GANACHE DE CHOCOLATE,6.0,0.0,1420.0
2026-03-15,Tortas y Postres,COMBINADO,42.0,0.03,1420.0
2026-03-15,Tortas Individuales,MIL HOJAS,5.6,0.0,1420.0
2026-03-15,Tortas y Postres,TORTA DE NUEZ Y CHOCOLATE,42.0,0.03,1420.0
2026-03-15,Tortas y Postres,CHEESECAKE DE LIMON,5.7,0.0,1420.0
2026-03-15,Tortas y Postres,KROCCO MILK,6.0,0.0,1420.0
2026-03-15,Tortas y Postres,FILETEADO,42.0,0.03,1420.0
2026-03-15,Tortas y Postres,BAVAROIS DE LIMÓN,6.0,0.0,1420.0
2026-03-15,Tortas y Postres,TIRAMISU,5.7,0.0,1420.0
2026-03-15,Tortas y Postres,STRACIATELLA DULCE DE LECHE,6.0,0.0,1420.0
2026-03-15,Tortas y Postres,ARROLLADO DE DULCE DE LECHE,19.5,0.01,1420.0
2026-03-15,Tortas y Postres,ARROLLADO DE CHANTILLY,19.5,0.01,1420.0
2026-03-15,Tortas y Postres,APPLE PIE,31.3,0.02,1420.0
2026-03-15,Tortas y Postres,GANACHE DE FRUTILLAS,45.0,0.03,1420.0
2026-03-15,Tortas y Postres,TARTA DE FRUTAS SECAS,6.0,0.0,1420.0
2026-03-15,Tortas y Postres,POSTRE DE LECHE,42.0,0.03,1420.0
2026-03-15,Tortas y Postres,TORTA DE MANZANAS INVERTIDA,36.4,0.03,1420.0
2026-03-15,Tortas y Postres,POSTRE TRES LECHES,6.0,0.0,1420.0
2026-03-15,Tortas y Postres,ORIENTE,6.0,0.0,1420.0
2026-03-15,Tortas y Postres,SELVA NEGRA,42.0,0.03,1420.0
2026-03-15,Tortas y Postres,ROGEL,5.7,0.0,1420.0
2026-03-15,Tortas y Postres,CHAJA CON DURAZNOS,6.0,0.0,1420.0
2026-03-15,Tortas y Postres,BAVAROIS DE TRES CHOCOLATES,6.0,0.0,1420.0
2026-03-15,Tortas y Postres,CHOCOTORTA,6.0,0.0,1420.0
2026-03-15,Pasteleria y Panaderia,ALFAJORES,2.75,0.0,1420.0
2026-03-15,Pasteleria y Panaderia,BUDINES,8.8,0.01,1420.0
2026-03-15,Pasteleria y Panaderia,MASAS SECAS,42.0,0.03,1420.0
2026-03-15,Pasteleria y Panaderia,MASAS FINAS,42.0,0.03,1420.0
2026-03-15,Pasteleria y Panaderia,FACTURAS FINAS,23.5,0.02,1420.0
2026-03-15,Pasteleria y Panaderia,FACTURAS,21.0,0.01,1420.0
2026-03-15,Pasteleria y Panaderia,MEDIALUNAS,21.0,0.01,1420.0
2026-03-15,Pasteleria y Panaderia,MACARRONES,52.9,0.04,1420.0
2026-03-15,Salados,EMPANADAS,2.4,0.0,1420.0
2026-03-15,Salados,TARTAS POR PORCIÓN,6.0,0.0,1420.0
2026-03-15,Salados,SÁNDWICHES DE MIGA,14.3,0.01,1420.0
2026-03-15,Salados,PASTAS,5.3,0.0,1420.0
2026-03-16,Tortas y Postres,TARTA BLANCA DE RICOTA,42.0,0.03,1415.0
2026-03-16,Tortas y Postres,ALVEAR,42.0,0.03,1415.0
2026-03-16,Tortas y Postres,SAINT HONORE,45.0,0.03,1415.0
2026-03-16,Tortas Individuales,LEMON PIE,6.0,0.0,1415.0
2026-03-16,Tortas Individuales,TARTA DE FRUTAS DE ESTACION,6.0,0.0,1415.0
2026-03-16,Tortas y Postres,TORTELL,49.0,0.03,1415.0
2026-03-16,Tortas Individuales,POSTRE NURIA,6.0,0.0,1415.0
2026-03-16,Tortas Individuales,TARTA TOFFI,6.0,0.0,1415.0
2026-03-16,Tortas y Postres,TARTA BROWNIE,45.0,0.03,1415.0
2026-03-16,Tortas Individuales,GANACHE DE CHOCOLATE,6.0,0.0,1415.0
2026-03-16,Tortas y Postres,COMBINADO,42.0,0.03,1415.0
2026-03-16,Tortas Individuales,MIL HOJAS,5.6,0.0,1415.0
2026-03-16,Tortas y Postres,TORTA DE NUEZ Y CHOCOLATE,42.0,0.03,1415.0
2026-03-16,Tortas y Postres,CHEESECAKE DE LIMON,5.7,0.0,1415.0
2026-03-16,Tortas y Postres,KROCCO MILK,6.0,0.0,1415.0
2026-03-16,Tortas y Postres,FILETEADO,42.0,0.03,1415.0
2026-03-16,Tortas y Postres,BAVAROIS DE LIMÓN,6.0,0.0,1415.0
2026-03-16,Tortas y Postres,TIRAMISU,5.7,0.0,1415.0
2026-03-16,Tortas y Postres,STRACIATELLA DULCE DE LECHE,6.0,0.0,1415.0
2026-03-16,Tortas y Postres,ARROLLADO DE DULCE DE LECHE,19.5,0.01,1415.0
2026-03-16,Tortas y Postres,ARROLLADO DE CHANTILLY,19.5,0.01,1415.0
2026-03-16,Tortas y Postres,APPLE PIE,31.3,0.02,1415.0
2026-03-16,Tortas y Postres,GANACHE DE FRUTILLAS,45.0,0.03,1415.0
2026-03-16,Tortas y Postres,TARTA DE FRUTAS SECAS,6.0,0.0,1415.0
2026-03-16,Tortas y Postres,POSTRE DE LECHE,42.0,0.03,1415.0
2026-03-16,Tortas y Postres,TORTA DE MANZANAS INVERTIDA,36.4,0.03,1415.0
2026-03-16,Tortas y Postres,POSTRE TRES LECHES,6.0,0.0,1415.0
2026-03-16,Tortas y Postres,ORIENTE,6.0,0.0,1415.0
2026-03-16,Tortas y Postres,SELVA NEGRA,42.0,0.03,1415.0
2026-03-16,Tortas y Postres,ROGEL,5.7,0.0,1415.0
2026-03-16,Tortas y Postres,CHAJA CON DURAZNOS,6.0,0.0,1415.0
2026-03-16,Tortas y Postres,BAVAROIS DE TRES CHOCOLATES,6.0,0.0,1415.0
2026-03-16,Tortas y Postres,CHOCOTORTA,6.0,0.0,1415.0
2026-03-16,Pasteleria y Panaderia,ALFAJORES,2.75,0.0,1415.0
2026-03-16,Pasteleria y Panaderia,BUDINES,8.8,0.01,1415.0
2026-03-16,Pasteleria y Panaderia,MASAS SECAS,42.0,0.03,1415.0
2026-03-16,Pasteleria y Panaderia,MASAS FINAS,42.0,0.03,1415.0
2026-03-16,Pasteleria y Panaderia,FACTURAS FINAS,23.5,0.02,1415.0
2026-03-16,Pasteleria y Panaderia,FACTURAS,21.0,0.01,1415.0
2026-03-16,Pasteleria y Panaderia,MEDIALUNAS,21.0,0.01,1415.0
2026-03-16,Pasteleria y Panaderia,MACARRONES,52.9,0.04,1415.0
2026-03-16,Salados,EMPANADAS,2.4,0.0,1415.0
2026-03-16,Salados,TARTAS POR PORCIÓN,6.0,0.0,1415.0
2026-03-16,Salados,SÁNDWICHES DE MIGA,14.3,0.01,1415.0
2026-03-16,Salados,PASTAS,5.3,0.0,1415.0
2026-03-17,Tortas y Postres,TARTA BLANCA DE RICOTA,42.0,0.03,1415.0
2026-03-17,Tortas y Postres,ALVEAR,42.0,0.03,1415.0
2026-03-17,Tortas y Postres,SAINT HONORE,45.0,0.03,1415.0
2026-03-17,Tortas Individuales,LEMON PIE,6.0,0.0,1415.0
2026-03-17,Tortas Individuales,TARTA DE FRUTAS DE ESTACION,6.0,0.0,1415.0
2026-03-17,Tortas y Postres,TORTELL,49.0,0.03,1415.0
2026-03-17,Tortas Individuales,POSTRE NURIA,6.0,0.0,1415.0
2026-03-17,Tortas Individuales,TARTA TOFFI,6.0,0.0,1415.0
2026-03-17,Tortas y Postres,TARTA BROWNIE,45.0,0.03,1415.0
2026-03-17,Tortas Individuales,GANACHE DE CHOCOLATE,6.0,0.0,1415.0
2026-03-17,Tortas y Postres,COMBINADO,42.0,0.03,1415.0
2026-03-17,Tortas Individuales,MIL HOJAS,5.6,0.0,1415.0
2026-03-17,Tortas y Postres,TORTA DE NUEZ Y CHOCOLATE,42.0,0.03,1415.0
2026-03-17,Tortas y Postres,CHEESECAKE DE LIMON,5.7,0.0,1415.0
2026-03-17,Tortas y Postres,KROCCO MILK,6.0,0.0,1415.0
2026-03-17,Tortas y Postres,FILETEADO,42.0,0.03,1415.0
2026-03-17,Tortas y Postres,BAVAROIS DE LIMÓN,6.0,0.0,1415.0
2026-03-17,Tortas y Postres,TIRAMISU,5.7,0.0,1415.0
2026-03-17,Tortas y Postres,STRACIATELLA DULCE DE LECHE,6.0,0.0,1415.0
2026-03-17,Tortas y Postres,ARROLLADO DE DULCE DE LECHE,19.5,0.01,1415.0
2026-03-17,Tortas y Postres,ARROLLADO DE CHANTILLY,19.5,0.01,1415.0
2026-03-17,Tortas y Postres,APPLE PIE,31.3,0.02,1415.0
2026-03-17,Tortas y Postres,GANACHE DE FRUTILLAS,45.0,0.03,1415.0
2026-03-17,Tortas y Postres,TARTA DE FRUTAS SECAS,6.0,0.0,1415.0
2026-03-17,Tortas y Postres,POSTRE DE LECHE,42.0,0.03,1415.0
2026-03-17,Tortas y Postres,TORTA DE MANZANAS INVERTIDA,36.4,0.03,1415.0
2026-03-17,Tortas y Postres,POSTRE TRES LECHES,6.0,0.0,1415.0
2026-03-17,Tortas y Postres,ORIENTE,6.0,0.0,1415.0
2026-03-17,Tortas y Postres,SELVA NEGRA,42.0,0.03,1415.0
2026-03-17,Tortas y Postres,ROGEL,5.7,0.0,1415.0
2026-03-17,Tortas y Postres,CHAJA CON DURAZNOS,6.0,0.0,1415.0
2026-03-17,Tortas y Postres,BAVAROIS DE TRES CHOCOLATES,6.0,0.0,1415.0
2026-03-17,Tortas y Postres,CHOCOTORTA,6.0,0.0,1415.0
2026-03-17,Pasteleria y Panaderia,ALFAJORES,2.75,0.0,1415.0
2026-03-17,Pasteleria y Panaderia,BUDINES,8.8,0.01,1415.0
2026-03-17,Pasteleria y Panaderia,MASAS SECAS,42.0,0.03,1415.0
2026-03-17,Pasteleria y Panaderia,MASAS FINAS,42.0,0.03,1415.0
2026-03-17,Pasteleria y Panaderia,FACTURAS FINAS,23.5,0.02,1415.0
2026-03-17,Pasteleria y Panaderia,FACTURAS,21.0,0.01,1415.0
2026-03-17,Pasteleria y Panaderia,MEDIALUNAS,21.0,0.01,1415.0
2026-03-17,Pasteleria y Panaderia,MACARRONES,52.9,0.04,1415.0
2026-03-17,Salados,EMPANADAS,2.4,0.0,1415.0
2026-03-17,Salados,TARTAS POR PORCIÓN,6.0,0.0,1415.0
2026-03-17,Salados,SÁNDWICHES DE MIGA,14.3,0.01,1415.0
2026-03-17,Salados,PASTAS,5.3,0.0,1415.0
2026-03-18,Tortas y Postres,TARTA BLANCA DE RICOTA,42.0,0.03,1420.0
2026-03-18,Tortas y Postres,ALVEAR,42.0,0.03,1420.0
2026-03-18,Tortas y Postres,SAINT HONORE,45.0,0.03,1420.0
2026-03-18,Tortas Individuales,LEMON PIE,6.0,0.0,1420.0
2026-03-18,Tortas Individuales,TARTA DE FRUTAS DE ESTACION,6.0,0.0,1420.0
2026-03-18,Tortas y Postres,TORTELL,49.0,0.03,1420.0
2026-03-18,Tortas Individuales,POSTRE NURIA,6.0,0.0,1420.0
2026-03-18,Tortas Individuales,TARTA TOFFI,6.0,0.0,1420.0
2026-03-18,Tortas y Postres,TARTA BROWNIE,45.0,0.03,1420.0
2026-03-18,Tortas Individuales,GANACHE DE CHOCOLATE,6.0,0.0,1420.0
2026-03-18,Tortas y Postres,COMBINADO,42.0,0.03,1420.0
2026-03-18,Tortas Individuales,MIL HOJAS,5.6,0.0,1420.0
2026-03-18,Tortas y Postres,TORTA DE NUEZ Y CHOCOLATE,42.0,0.03,1420.0
2026-03-18,Tortas y Postres,CHEESECAKE DE LIMON,5.7,0.0,1420.0
2026-03-18,Tortas y Postres,KROCCO MILK,6.0,0.0,1420.0
2026-03-18,Tortas y Postres,FILETEADO,42.0,0.03,1420.0
2026-03-18,Tortas y Postres,BAVAROIS DE LIMÓN,6.0,0.0,1420.0
2026-03-18,Tortas y Postres,TIRAMISU,5.7,0.0,1420.0
2026-03-18,Tortas y Postres,STRACIATELLA DULCE DE LECHE,6.0,0.0,1420.0
2026-03-18,Tortas y Postres,ARROLLADO DE DULCE DE LECHE,19.5,0.01,1420.0
2026-03-18,Tortas y Postres,ARROLLADO DE CHANTILLY,19.5,0.01,1420.0
2026-03-18,Tortas y Postres,APPLE PIE,31.3,0.02,1420.0
2026-03-18,Tortas y Postres,GANACHE DE FRUTILLAS,45.0,0.03,1420.0
2026-03-18,Tortas y Postres,TARTA DE FRUTAS SECAS,6.0,0.0,1420.0
2026-03-18,Tortas y Postres,POSTRE DE LECHE,42.0,0.03,1420.0
2026-03-18,Tortas y Postres,TORTA DE MANZANAS INVERTIDA,36.4,0.03,1420.0
2026-03-18,Tortas y Postres,POSTRE TRES LECHES,6.0,0.0,1420.0
2026-03-18,Tortas y Postres,ORIENTE,6.0,0.0,1420.0
2026-03-18,Tortas y Postres,SELVA NEGRA,42.0,0.03,1420.0
2026-03-18,Tortas y Postres,ROGEL,5.7,0.0,1420.0
2026-03-18,Tortas y Postres,CHAJA CON DURAZNOS,6.0,0.0,1420.0
2026-03-18,Tortas y Postres,BAVAROIS DE TRES CHOCOLATES,6.0,0.0,1420.0
2026-03-18,Tortas y Postres,CHOCOTORTA,6.0,0.0,1420.0
2026-03-18,Pasteleria y Panaderia,ALFAJORES,2.75,0.0,1420.0
2026-03-18,Pasteleria y Panaderia,BUDINES,8.8,0.01,1420.0
2026-03-18,Pasteleria y Panaderia,MASAS SECAS,42.0,0.03,1420.0
2026-03-18,Pasteleria y Panaderia,MASAS FINAS,42.0,0.03,1420.0
2026-03-18,Pasteleria y Panaderia,FACTURAS FINAS,23.5,0.02,1420.0
2026-03-18,Pasteleria y Panaderia,FACTURAS,21.0,0.01,1420.0
2026-03-18,Pasteleria y Panaderia,MEDIALUNAS,21.0,0.01,1420.0
2026-03-18,Pasteleria y Panaderia,MACARRONES,52.9,0.04,1420.0
2026-03-18,Salados,EMPANADAS,2.4,0.0,1420.0
2026-03-18,Salados,TARTAS POR PORCIÓN,6.0,0.0,1420.0
2026-03-18,Salados,SÁNDWICHES DE MIGA,14.3,0.01,1420.0
2026-03-18,Salados,PASTAS,5.3,0.0,1420.0
2026-03-19,Tortas y Postres,TARTA BLANCA DE RICOTA,42.0,0.03,1415.0
2026-03-19,Tortas y Postres,ALVEAR,42.0,0.03,1415.0
2026-03-19,Tortas y Postres,SAINT HONORE,45.0,0.03,1415.0
2026-03-19,Tortas Individuales,LEMON PIE,6.0,0.0,1415.0
2026-03-19,Tortas Individuales,TARTA DE FRUTAS DE ESTACION,6.0,0.0,1415.0
2026-03-19,Tortas y Postres,TORTELL,49.0,0.03,1415.0
2026-03-19,Tortas Individuales,POSTRE NURIA,6.0,0.0,1415.0
2026-03-19,Tortas Individuales,TARTA TOFFI,6.0,0.0,1415.0
2026-03-19,Tortas y Postres,TARTA BROWNIE,45.0,0.03,1415.0
2026-03-19,Tortas Individuales,GANACHE DE CHOCOLATE,6.0,0.0,1415.0
2026-03-19,Tortas y Postres,COMBINADO,42.0,0.03,1415.0
2026-03-19,Tortas Individuales,MIL HOJAS,5.6,0.0,1415.0
2026-03-19,Tortas y Postres,TORTA DE NUEZ Y CHOCOLATE,42.0,0.03,1415.0
2026-03-19,Tortas y Postres,CHEESECAKE DE LIMON,5.7,0.0,1415.0
2026-03-19,Tortas y Postres,KROCCO MILK,6.0,0.0,1415.0
2026-03-19,Tortas y Postres,FILETEADO,42.0,0.03,1415.0
2026-03-19,Tortas y Postres,BAVAROIS DE LIMÓN,6.0,0.0,1415.0
2026-03-19,Tortas y Postres,TIRAMISU,5.7,0.0,1415.0
2026-03-19,Tortas y Postres,STRACIATELLA DULCE DE LECHE,6.0,0.0,1415.0
2026-03-19,Tortas y Postres,ARROLLADO DE DULCE DE LECHE,19.5,0.01,1415.0
2026-03-19,Tortas y Postres,ARROLLADO DE CHANTILLY,19.5,0.01,1415.0
2026-03-19,Tortas y Postres,APPLE PIE,31.3,0.02,1415.0
2026-03-19,Tortas y Postres,GANACHE DE FRUTILLAS,45.0,0.03,1415.0
2026-03-19,Tortas y Postres,TARTA DE FRUTAS SECAS,6.0,0.0,1415.0
2026-03-19,Tortas y Postres,POSTRE DE LECHE,42.0,0.03,1415.0
2026-03-19,Tortas y Postres,TORTA DE MANZANAS INVERTIDA,36.4,0.03,1415.0
2026-03-19,Tortas y Postres,POSTRE TRES LECHES,6.0,0.0,1415.0
2026-03-19,Tortas y Postres,ORIENTE,6.0,0.0,1415.0
2026-03-19,Tortas y Postres,SELVA NEGRA,42.0,0.03,1415.0
2026-03-19,Tortas y Postres,ROGEL,5.7,0.0,1415.0
2026-03-19,Tortas y Postres,CHAJA CON DURAZNOS,6.0,0.0,1415.0
2026-03-19,Tortas y Postres,BAVAROIS DE TRES CHOCOLATES,6.0,0.0,1415.0
2026-03-19,Tortas y Postres,CHOCOTORTA,6.0,0.0,1415.0
2026-03-19,Pasteleria y Panaderia,ALFAJORES,2.75,0.0,1415.0
2026-03-19,Pasteleria y Panaderia,BUDINES,8.8,0.01,1415.0
2026-03-19,Pasteleria y Panaderia,MASAS SECAS,42.0,0.03,1415.0
2026-03-19,Pasteleria y Panaderia,MASAS FINAS,42.0,0.03,1415.0
2026-03-19,Pasteleria y Panaderia,FACTURAS FINAS,23.5,0.02,1415.0
2026-03-19,Pasteleria y Panaderia,FACTURAS,21.0,0.01,1415.0
2026-03-19,Pasteleria y Panaderia,MEDIALUNAS,21.0,0.01,1415.0
2026-03-19,Pasteleria y Panaderia,MACARRONES,52.9,0.04,1415.0
2026-03-19,Salados,EMPANADAS,2.4,0.0,1415.0
2026-03-19,Salados,TARTAS POR PORCIÓN,6.0,0.0,1415.0
2026-03-19,Salados,SÁNDWICHES DE MIGA,14.3,0.01,1415.0
2026-03-19,Salados,PASTAS,5.3,0.0,1415.0
2026-03-20,Tortas y Postres,TARTA BLANCA DE RICOTA,42.0,0.03,1415.0
2026-03-20,Tortas y Postres,ALVEAR,42.0,0.03,1415.0
2026-03-20,Tortas y Postres,SAINT HONORE,45.0,0.03,1415.0
2026-03-20,Tortas Individuales,LEMON PIE,6.0,0.0,1415.0
2026-03-20,Tortas Individuales,TARTA DE FRUTAS DE ESTACION,6.0,0.0,1415.0
2026-03-20,Tortas y Postres,TORTELL,49.0,0.03,1415.0
2026-03-20,Tortas Individuales,POSTRE NURIA,6.0,0.0,1415.0
2026-03-20,Tortas Individuales,TARTA TOFFI,6.0,0.0,1415.0
2026-03-20,Tortas y Postres,TARTA BROWNIE,45.0,0.03,1415.0
2026-03-20,Tortas Individuales,GANACHE DE CHOCOLATE,6.0,0.0,1415.0
2026-03-20,Tortas y Postres,COMBINADO,42.0,0.03,1415.0
2026-03-20,Tortas Individuales,MIL HOJAS,5.6,0.0,1415.0
2026-03-20,Tortas y Postres,TORTA DE NUEZ Y CHOCOLATE,42.0,0.03,1415.0
2026-03-20,Tortas y Postres,CHEESECAKE DE LIMON,5.7,0.0,1415.0
2026-03-20,Tortas y Postres,KROCCO MILK,6.0,0.0,1415.0
2026-03-20,Tortas y Postres,FILETEADO,42.0,0.03,1415.0
2026-03-20,Tortas y Postres,BAVAROIS DE LIMÓN,6.0,0.0,1415.0
2026-03-20,Tortas y Postres,TIRAMISU,5.7,0.0,1415.0
2026-03-20,Tortas y Postres,STRACIATELLA DULCE DE LECHE,6.0,0.0,1415.0
2026-03-20,Tortas y Postres,ARROLLADO DE DULCE DE LECHE,19.5,0.01,1415.0
2026-03-20,Tortas y Postres,ARROLLADO DE CHANTILLY,19.5,0.01,1415.0
2026-03-20,Tortas y Postres,APPLE PIE,31.3,0.02,1415.0
2026-03-20,Tortas y Postres,GANACHE DE FRUTILLAS,45.0,0.03,1415.0
2026-03-20,Tortas y Postres,TARTA DE FRUTAS SECAS,6.0,0.0,1415.0
2026-03-20,Tortas y Postres,POSTRE DE LECHE,42.0,0.03,1415.0
2026-03-20,Tortas y Postres,TORTA DE MANZANAS INVERTIDA,36.4,0.03,1415.0
2026-03-20,Tortas y Postres,POSTRE TRES LECHES,6.0,0.0,1415.0
2026-03-20,Tortas y Postres,ORIENTE,6.0,0.0,1415.0
2026-03-20,Tortas y Postres,SELVA NEGRA,42.0,0.03,1415.0
2026-03-20,Tortas y Postres,ROGEL,5.7,0.0,1415.0
2026-03-20,Tortas y Postres,CHAJA CON DURAZNOS,6.0,0.0,1415.0
2026-03-20,Tortas y Postres,BAVAROIS DE TRES CHOCOLATES,6.0,0.0,1415.0
2026-03-20,Tortas y Postres,CHOCOTORTA,6.0,0.0,1415.0
2026-03-20,Pasteleria y Panaderia,ALFAJORES,2.75,0.0,1415.0
2026-03-20,Pasteleria y Panaderia,BUDINES,8.8,0.01,1415.0
2026-03-20,Pasteleria y Panaderia,MASAS SECAS,42.0,0.03,1415.0
2026-03-20,Pasteleria y Panaderia,MASAS FINAS,42.0,0.03,1415.0
2026-03-20,Pasteleria y Panaderia,FACTURAS FINAS,23.5,0.02,1415.0
2026-03-20,Pasteleria y Panaderia,FACTURAS,21.0,0.01,1415.0
2026-03-20,Pasteleria y Panaderia,MEDIALUNAS,21.0,0.01,1415.0
2026-03-20,Pasteleria y Panaderia,MACARRONES,52.9,0.04,1415.0
2026-03-20,Salados,EMPANADAS,2.4,0.0,1415.0
2026-03-20,Salados,TARTAS POR PORCIÓN,6.0,0.0,1415.0
2026-03-20,Salados,SÁNDWICHES DE MIGA,14.3,0.01,1415.0
2026-03-20,Salados,PASTAS,5.3,0.0,1415.0
2026-03-21,Tortas y Postres,TARTA BLANCA DE RICOTA,42.0,0.03,1410.0
2026-03-21,Tortas y Postres,ALVEAR,42.0,0.03,1410.0
2026-03-21,Tortas y Postres,SAINT HONORE,45.0,0.03,1410.0
2026-03-21,Tortas Individuales,LEMON PIE,6.0,0.0,1410.0
2026-03-21,Tortas Individuales,TARTA DE FRUTAS DE ESTACION,6.0,0.0,1410.0
2026-03-21,Tortas y Postres,TORTELL,49.0,0.03,1410.0
2026-03-21,Tortas Individuales,POSTRE NURIA,6.0,0.0,1410.0
2026-03-21,Tortas Individuales,TARTA TOFFI,6.0,0.0,1410.0
2026-03-21,Tortas y Postres,TARTA BROWNIE,45.0,0.03,1410.0
2026-03-21,Tortas Individuales,GANACHE DE CHOCOLATE,6.0,0.0,1410.0
2026-03-21,Tortas y Postres,COMBINADO,42.0,0.03,1410.0
2026-03-21,Tortas Individuales,MIL HOJAS,5.6,0.0,1410.0
2026-03-21,Tortas y Postres,TORTA DE NUEZ Y CHOCOLATE,42.0,0.03,1410.0
2026-03-21,Tortas y Postres,CHEESECAKE DE LIMON,5.7,0.0,1410.0
2026-03-21,Tortas y Postres,KROCCO MILK,6.0,0.0,1410.0
2026-03-21,Tortas y Postres,FILETEADO,42.0,0.03,1410.0
2026-03-21,Tortas y Postres,BAVAROIS DE LIMÓN,6.0,0.0,1410.0
2026-03-21,Tortas y Postres,TIRAMISU,5.7,0.0,1410.0
2026-03-21,Tortas y Postres,STRACIATELLA DULCE DE LECHE,6.0,0.0,1410.0
2026-03-21,Tortas y Postres,ARROLLADO DE DULCE DE LECHE,19.5,0.01,1410.0
2026-03-21,Tortas y Postres,ARROLLADO DE CHANTILLY,19.5,0.01,1410.0
2026-03-21,Tortas y Postres,APPLE PIE,31.3,0.02,1410.0
2026-03-21,Tortas y Postres,GANACHE DE FRUTILLAS,45.0,0.03,1410.0
2026-03-21,Tortas y Postres,TARTA DE FRUTAS SECAS,6.0,0.0,1410.0
2026-03-21,Tortas y Postres,POSTRE DE LECHE,42.0,0.03,1410.0
2026-03-21,Tortas y Postres,TORTA DE MANZANAS INVERTIDA,36.4,0.03,1410.0
2026-03-21,Tortas y Postres,POSTRE TRES LECHES,6.0,0.0,1410.0
2026-03-21,Tortas y Postres,ORIENTE,6.0,0.0,1410.0
2026-03-21,Tortas y Postres,SELVA NEGRA,42.0,0.03,1410.0
2026-03-21,Tortas y Postres,ROGEL,5.7,0.0,1410.0
2026-03-21,Tortas y Postres,CHAJA CON DURAZNOS,6.0,0.0,1410.0
2026-03-21,Tortas y Postres,BAVAROIS DE TRES CHOCOLATES,6.0,0.0,1410.0
2026-03-21,Tortas y Postres,CHOCOTORTA,6.0,0.0,1410.0
2026-03-21,Pasteleria y Panaderia,ALFAJORES,2.75,0.0,1410.0
2026-03-21,Pasteleria y Panaderia,BUDINES,8.8,0.01,1410.0
2026-03-21,Pasteleria y Panaderia,MASAS SECAS,42.0,0.03,1410.0
2026-03-21,Pasteleria y Panaderia,MASAS FINAS,42.0,0.03,1410.0
2026-03-21,Pasteleria y Panaderia,FACTURAS FINAS,23.5,0.02,1410.0
2026-03-21,Pasteleria y Panaderia,FACTURAS,21.0,0.01,1410.0
2026-03-21,Pasteleria y Panaderia,MEDIALUNAS,21.0,0.01,1410.0
2026-03-21,Pasteleria y Panaderia,MACARRONES,52.9,0.04,1410.0
2026-03-21,Salados,EMPANADAS,2.4,0.0,1410.0
2026-03-21,Salados,TARTAS POR PORCIÓN,6.0,0.0,1410.0
2026-03-21,Salados,SÁNDWICHES DE MIGA,14.3,0.01,1410.0
2026-03-21,Salados,PASTAS,5.3,0.0,1410.0
2026-03-22,Tortas y Postres,TARTA BLANCA DE RICOTA,42.0,0.03,1410.0
2026-03-22,Tortas y Postres,ALVEAR,42.0,0.03,1410.0
2026-03-22,Tortas y Postres,SAINT HONORE,45.0,0.03,1410.0
2026-03-22,Tortas Individuales,LEMON PIE,6.0,0.0,1410.0
2026-03-22,Tortas Individuales,TARTA DE FRUTAS DE ESTACION,6.0,0.0,1410.0
2026-03-22,Tortas y Postres,TORTELL,49.0,0.03,1410.0
2026-03-22,Tortas Individuales,POSTRE NURIA,6.0,0.0,1410.0
2026-03-22,Tortas Individuales,TARTA TOFFI,6.0,0.0,1410.0
2026-03-22,Tortas y Postres,TARTA BROWNIE,45.0,0.03,1410.0
2026-03-22,Tortas Individuales,GANACHE DE CHOCOLATE,6.0,0.0,1410.0
2026-03-22,Tortas y Postres,COMBINADO,42.0,0.03,1410.0
2026-03-22,Tortas Individuales,MIL HOJAS,5.6,0.0,1410.0
2026-03-22,Tortas y Postres,TORTA DE NUEZ Y CHOCOLATE,42.0,0.03,1410.0
2026-03-22,Tortas y Postres,CHEESECAKE DE LIMON,5.7,0.0,1410.0
2026-03-22,Tortas y Postres,KROCCO MILK,6.0,0.0,1410.0
2026-03-22,Tortas y Postres,FILETEADO,42.0,0.03,1410.0
2026-03-22,Tortas y Postres,BAVAROIS DE LIMÓN,6.0,0.0,1410.0
2026-03-22,Tortas y Postres,TIRAMISU,5.7,0.0,1410.0
2026-03-22,Tortas y Postres,STRACIATELLA DULCE DE LECHE,6.0,0.0,1410.0
2026-03-22,Tortas y Postres,ARROLLADO DE DULCE DE LECHE,19.5,0.01,1410.0
2026-03-22,Tortas y Postres,ARROLLADO DE CHANTILLY,19.5,0.01,1410.0
2026-03-22,Tortas y Postres,APPLE PIE,31.3,0.02,1410.0
2026-03-22,Tortas y Postres,GANACHE DE FRUTILLAS,45.0,0.03,1410.0
2026-03-22,Tortas y Postres,TARTA DE FRUTAS SECAS,6.0,0.0,1410.0
2026-03-22,Tortas y Postres,POSTRE DE LECHE,42.0,0.03,1410.0
2026-03-22,Tortas y Postres,TORTA DE MANZANAS INVERTIDA,36.4,0.03,1410.0
2026-03-22,Tortas y Postres,POSTRE TRES LECHES,6.0,0.0,1410.0
2026-03-22,Tortas y Postres,ORIENTE,6.0,0.0,1410.0
2026-03-22,Tortas y Postres,SELVA NEGRA,42.0,0.03,1410.0
2026-03-22,Tortas y Postres,ROGEL,5.7,0.0,1410.0
2026-03-22,Tortas y Postres,CHAJA CON DURAZNOS,6.0,0.0,1410.0
2026-03-22,Tortas y Postres,BAVAROIS DE TRES CHOCOLATES,6.0,0.0,1410.0
2026-03-22,Tortas y Postres,CHOCOTORTA,6.0,0.0,1410.0
2026-03-22,Pasteleria y Panaderia,ALFAJORES,2.75,0.0,1410.0
2026-03-22,Pasteleria y Panaderia,BUDINES,8.8,0.01,1410.0
2026-03-22,Pasteleria y Panaderia,MASAS SECAS,42.0,0.03,1410.0
2026-03-22,Pasteleria y Panaderia,MASAS FINAS,42.0,0.03,1410.0
2026-03-22,Pasteleria y Panaderia,FACTURAS FINAS,23.5,0.02,1410.0
2026-03-22,Pasteleria y Panaderia,FACTURAS,21.0,0.01,1410.0
2026-03-22,Pasteleria y Panaderia,MEDIALUNAS,21.0,0.01,1410.0
2026-03-22,Pasteleria y Panaderia,MACARRONES,52.9,0.04,1410.0
2026-03-22,Salados,EMPANADAS,2.4,0.0,1410.0
2026-03-22,Salados,TARTAS POR PORCIÓN,6.0,0.0,1410.0
2026-03-22,Salados,SÁNDWICHES DE MIGA,14.3,0.01,1410.0
2026-03-22,Salados,PASTAS,5.3,0.0,1410.0
2026-03-23,Tortas y Postres,TARTA BLANCA DE RICOTA,42.0,0.03,1410.0
2026-03-23,Tortas y Postres,ALVEAR,42.0,0.03,1410.0
2026-03-23,Tortas y Postres,SAINT HONORE,45.0,0.03,1410.0
2026-03-23,Tortas Individuales,LEMON PIE,6.0,0.0,1410.0
2026-03-23,Tortas Individuales,TARTA DE FRUTAS DE ESTACION,6.0,0.0,1410.0
2026-03-23,Tortas y Postres,TORTELL,49.0,0.03,1410.0
2026-03-23,Tortas Individuales,POSTRE NURIA,6.0,0.0,1410.0
2026-03-23,Tortas Individuales,TARTA TOFFI,6.0,0.0,1410.0
2026-03-23,Tortas y Postres,TARTA BROWNIE,45.0,0.03,1410.0
2026-03-23,Tortas Individuales,GANACHE DE CHOCOLATE,6.0,0.0,1410.0
2026-03-23,Tortas y Postres,COMBINADO,42.0,0.03,1410.0
2026-03-23,Tortas Individuales,MIL HOJAS,5.6,0.0,1410.0
2026-03-23,Tortas y Postres,TORTA DE NUEZ Y CHOCOLATE,42.0,0.03,1410.0
2026-03-23,Tortas y Postres,CHEESECAKE DE LIMON,5.7,0.0,1410.0
2026-03-23,Tortas y Postres,KROCCO MILK,6.0,0.0,1410.0
2026-03-23,Tortas y Postres,FILETEADO,42.0,0.03,1410.0
2026-03-23,Tortas y Postres,BAVAROIS DE LIMÓN,6.0,0.0,1410.0
2026-03-23,Tortas y Postres,TIRAMISU,5.7,0.0,1410.0
2026-03-23,Tortas y Postres,STRACIATELLA DULCE DE LECHE,6.0,0.0,1410.0
2026-03-23,Tortas y Postres,ARROLLADO DE DULCE DE LECHE,19.5,0.01,1410.0
2026-03-23,Tortas y Postres,ARROLLADO DE CHANTILLY,19.5,0.01,1410.0
2026-03-23,Tortas y Postres,APPLE PIE,31.3,0.02,1410.0
2026-03-23,Tortas y Postres,GANACHE DE FRUTILLAS,45.0,0.03,1410.0
2026-03-23,Tortas y Postres,TARTA DE FRUTAS SECAS,6.0,0.0,1410.0
2026-03-23,Tortas y Postres,POSTRE DE LECHE,42.0,0.03,1410.0
2026-03-23,Tortas y Postres,TORTA DE MANZANAS INVERTIDA,36.4,0.03,1410.0
2026-03-23,Tortas y Postres,POSTRE TRES LECHES,6.0,0.0,1410.0
2026-03-23,Tortas y Postres,ORIENTE,6.0,0.0,1410.0
2026-03-23,Tortas y Postres,SELVA NEGRA,42.0,0.03,1410.0
2026-03-23,Tortas y Postres,ROGEL,5.7,0.0,1410.0
2026-03-23,Tortas y Postres,CHAJA CON DURAZNOS,6.0,0.0,1410.0
2026-03-23,Tortas y Postres,BAVAROIS DE TRES CHOCOLATES,6.0,0.0,1410.0
2026-03-23,Tortas y Postres,CHOCOTORTA,6.0,0.0,1410.0
2026-03-23,Pasteleria y Panaderia,ALFAJORES,2.75,0.0,1410.0
2026-03-23,Pasteleria y Panaderia,BUDINES,8.8,0.01,1410.0
2026-03-23,Pasteleria y Panaderia,MASAS SECAS,42.0,0.03,1410.0
2026-03-23,Pasteleria y Panaderia,MASAS FINAS,42.0,0.03,1410.0
2026-03-23,Pasteleria y Panaderia,FACTURAS FINAS,23.5,0.02,1410.0
2026-03-23,Pasteleria y Panaderia,FACTURAS,21.0,0.01,1410.0
2026-03-23,Pasteleria y Panaderia,MEDIALUNAS,21.0,0.01,1410.0
2026-03-23,Pasteleria y Panaderia,MACARRONES,52.9,0.04,1410.0
2026-03-23,Salados,EMPANADAS,2.4,0.0,1410.0
2026-03-23,Salados,TARTAS POR PORCIÓN,6.0,0.0,1410.0
2026-03-23,Salados,SÁNDWICHES DE MIGA,14.3,0.01,1410.0
2026-03-23,Salados,PASTAS,5.3,0.0,1410.0
2026-03-24,Tortas y Postres,TARTA BLANCA DE RICOTA,42.0,0.03,1410.0
2026-03-24,Tortas y Postres,ALVEAR,42.0,0.03,1410.0
2026-03-24,Tortas y Postres,SAINT HONORE,45.0,0.03,1410.0
2026-03-24,Tortas Individuales,LEMON PIE,6.0,0.0,1410.0
2026-03-24,Tortas Individuales,TARTA DE FRUTAS DE ESTACION,6.0,0.0,1410.0
2026-03-24,Tortas y Postres,TORTELL,49.0,0.03,1410.0
2026-03-24,Tortas Individuales,POSTRE NURIA,6.0,0.0,1410.0
2026-03-24,Tortas Individuales,TARTA TOFFI,6.0,0.0,1410.0
2026-03-24,Tortas y Postres,TARTA BROWNIE,45.0,0.03,1410.0
2026-03-24,Tortas Individuales,GANACHE DE CHOCOLATE,6.0,0.0,1410.0
2026-03-24,Tortas y Postres,COMBINADO,42.0,0.03,1410.0
2026-03-24,Tortas Individuales,MIL HOJAS,5.6,0.0,1410.0
2026-03-24,Tortas y Postres,TORTA DE NUEZ Y CHOCOLATE,42.0,0.03,1410.0
2026-03-24,Tortas y Postres,CHEESECAKE DE LIMON,5.7,0.0,1410.0
2026-03-24,Tortas y Postres,KROCCO MILK,6.0,0.0,1410.0
2026-03-24,Tortas y Postres,FILETEADO,42.0,0.03,1410.0
2026-03-24,Tortas y Postres,BAVAROIS DE LIMÓN,6.0,0.0,1410.0
2026-03-24,Tortas y Postres,TIRAMISU,5.7,0.0,1410.0
2026-03-24,Tortas y Postres,STRACIATELLA DULCE DE LECHE,6.0,0.0,1410.0
2026-03-24,Tortas y Postres,ARROLLADO DE DULCE DE LECHE,19.5,0.01,1410.0
2026-03-24,Tortas y Postres,ARROLLADO DE CHANTILLY,19.5,0.01,1410.0
2026-03-24,Tortas y Postres,APPLE PIE,31.3,0.02,1410.0
2026-03-24,Tortas y Postres,GANACHE DE FRUTILLAS,45.0,0.03,1410.0
2026-03-24,Tortas y Postres,TARTA DE FRUTAS SECAS,6.0,0.0,1410.0
2026-03-24,Tortas y Postres,POSTRE DE LECHE,42.0,0.03,1410.0
2026-03-24,Tortas y Postres,TORTA DE MANZANAS INVERTIDA,36.4,0.03,1410.0
2026-03-24,Tortas y Postres,POSTRE TRES LECHES,6.0,0.0,1410.0
2026-03-24,Tortas y Postres,ORIENTE,6.0,0.0,1410.0
2026-03-24,Tortas y Postres,SELVA NEGRA,42.0,0.03,1410.0
2026-03-24,Tortas y Postres,ROGEL,5.7,0.0,1410.0
2026-03-24,Tortas y Postres,CHAJA CON DURAZNOS,6.0,0.0,1410.0
2026-03-24,Tortas y Postres,BAVAROIS DE TRES CHOCOLATES,6.0,0.0,1410.0
2026-03-24,Tortas y Postres,CHOCOTORTA,6.0,0.0,1410.0
2026-03-24,Pasteleria y Panaderia,ALFAJORES,2.75,0.0,1410.0
2026-03-24,Pasteleria y Panaderia,BUDINES,8.8,0.01,1410.0
2026-03-24,Pasteleria y Panaderia,MASAS SECAS,42.0,0.03,1410.0
2026-03-24,Pasteleria y Panaderia,MASAS FINAS,42.0,0.03,1410.0
2026-03-24,Pasteleria y Panaderia,FACTURAS FINAS,23.5,0.02,1410.0
2026-03-24,Pasteleria y Panaderia,FACTURAS,21.0,0.01,1410.0
2026-03-24,Pasteleria y Panaderia,MEDIALUNAS,21.0,0.01,1410.0
2026-03-24,Pasteleria y Panaderia,MACARRONES,52.9,0.04,1410.0
2026-03-24,Salados,EMPANADAS,2.4,0.0,1410.0
2026-03-24,Salados,TARTAS POR PORCIÓN,6.0,0.0,1410.0
2026-03-24,Salados,SÁNDWICHES DE MIGA,14.3,0.01,1410.0
2026-03-24,Salados,PASTAS,5.3,0.0,1410.0
2026-03-25,Tortas y Postres,TARTA BLANCA DE RICOTA,42.0,0.03,1405.0
2026-03-25,Tortas y Postres,ALVEAR,42.0,0.03,1405.0
2026-03-25,Tortas y Postres,SAINT HONORE,45.0,0.03,1405.0
2026-03-25,Tortas Individuales,LEMON PIE,6.0,0.0,1405.0
2026-03-25,Tortas Individuales,TARTA DE FRUTAS DE ESTACION,6.0,0.0,1405.0
2026-03-25,Tortas y Postres,TORTELL,49.0,0.03,1405.0
2026-03-25,Tortas Individuales,POSTRE NURIA,6.0,0.0,1405.0
2026-03-25,Tortas Individuales,TARTA TOFFI,6.0,0.0,1405.0
2026-03-25,Tortas y Postres,TARTA BROWNIE,45.0,0.03,1405.0
2026-03-25,Tortas Individuales,GANACHE DE CHOCOLATE,6.0,0.0,1405.0
2026-03-25,Tortas y Postres,COMBINADO,42.0,0.03,1405.0
2026-03-25,Tortas Individuales,MIL HOJAS,5.6,0.0,1405.0
2026-03-25,Tortas y Postres,TORTA DE NUEZ Y CHOCOLATE,42.0,0.03,1405.0
2026-03-25,Tortas y Postres,CHEESECAKE DE LIMON,5.7,0.0,1405.0
2026-03-25,Tortas y Postres,KROCCO MILK,6.0,0.0,1405.0
2026-03-25,Tortas y Postres,FILETEADO,42.0,0.03,1405.0
2026-03-25,Tortas y Postres,BAVAROIS DE LIMÓN,6.0,0.0,1405.0
2026-03-25,Tortas y Postres,TIRAMISU,5.7,0.0,1405.0
2026-03-25,Tortas y Postres,STRACIATELLA DULCE DE LECHE,6.0,0.0,1405.0
2026-03-25,Tortas y Postres,ARROLLADO DE DULCE DE LECHE,19.5,0.01,1405.0
2026-03-25,Tortas y Postres,ARROLLADO DE CHANTILLY,19.5,0.01,1405.0
2026-03-25,Tortas y Postres,APPLE PIE,31.3,0.02,1405.0
2026-03-25,Tortas y Postres,GANACHE DE FRUTILLAS,45.0,0.03,1405.0
2026-03-25,Tortas y Postres,TARTA DE FRUTAS SECAS,6.0,0.0,1405.0
2026-03-25,Tortas y Postres,POSTRE DE LECHE,42.0,0.03,1405.0
2026-03-25,Tortas y Postres,TORTA DE MANZANAS INVERTIDA,36.4,0.03,1405.0
2026-03-25,Tortas y Postres,POSTRE TRES LECHES,6.0,0.0,1405.0
2026-03-25,Tortas y Postres,ORIENTE,6.0,0.0,1405.0
2026-03-25,Tortas y Postres,SELVA NEGRA,42.0,0.03,1405.0
2026-03-25,Tortas y Postres,ROGEL,5.7,0.0,1405.0
2026-03-25,Tortas y Postres,CHAJA CON DURAZNOS,6.0,0.0,1405.0
2026-03-25,Tortas y Postres,BAVAROIS DE TRES CHOCOLATES,6.0,0.0,1405.0
2026-03-25,Tortas y Postres,CHOCOTORTA,6.0,0.0,1405.0
2026-03-25,Pasteleria y Panaderia,ALFAJORES,2.75,0.0,1405.0
2026-03-25,Pasteleria y Panaderia,BUDINES,8.8,0.01,1405.0
2026-03-25,Pasteleria y Panaderia,MASAS SECAS,42.0,0.03,1405.0
2026-03-25,Pasteleria y Panaderia,MASAS FINAS,42.0,0.03,1405.0
2026-03-25,Pasteleria y Panaderia,FACTURAS FINAS,23.5,0.02,1405.0
2026-03-25,Pasteleria y Panaderia,FACTURAS,21.0,0.01,1405.0
2026-03-25,Pasteleria y Panaderia,MEDIALUNAS,21.0,0.01,1405.0
2026-03-25,Pasteleria y Panaderia,MACARRONES,52.9,0.04,1405.0
2026-03-25,Salados,EMPANADAS,2.4,0.0,1405.0
2026-03-25,Salados,TARTAS POR PORCIÓN,6.0,0.0,1405.0
2026-03-25,Salados,SÁNDWICHES DE MIGA,14.3,0.01,1405.0
2026-03-25,Salados,PASTAS,5.3,0.0,1405.0
2026-03-26,Tortas y Postres,TARTA BLANCA DE RICOTA,42.0,0.03,1390.0
2026-03-26,Tortas y Postres,ALVEAR,42.0,0.03,1390.0
2026-03-26,Tortas y Postres,SAINT HONORE,45.0,0.03,1390.0
2026-03-26,Tortas Individuales,LEMON PIE,6.0,0.0,1390.0
2026-03-26,Tortas Individuales,TARTA DE FRUTAS DE ESTACION,6.0,0.0,1390.0
2026-03-26,Tortas y Postres,TORTELL,49.0,0.04,1390.0
2026-03-26,Tortas Individuales,POSTRE NURIA,6.0,0.0,1390.0
2026-03-26,Tortas Individuales,TARTA TOFFI,6.0,0.0,1390.0
2026-03-26,Tortas y Postres,TARTA BROWNIE,45.0,0.03,1390.0
2026-03-26,Tortas Individuales,GANACHE DE CHOCOLATE,6.0,0.0,1390.0
2026-03-26,Tortas y Postres,COMBINADO,42.0,0.03,1390.0
2026-03-26,Tortas Individuales,MIL HOJAS,5.6,0.0,1390.0
2026-03-26,Tortas y Postres,TORTA DE NUEZ Y CHOCOLATE,42.0,0.03,1390.0
2026-03-26,Tortas y Postres,CHEESECAKE DE LIMON,5.7,0.0,1390.0
2026-03-26,Tortas y Postres,KROCCO MILK,6.0,0.0,1390.0
2026-03-26,Tortas y Postres,FILETEADO,42.0,0.03,1390.0
2026-03-26,Tortas y Postres,BAVAROIS DE LIMÓN,6.0,0.0,1390.0
2026-03-26,Tortas y Postres,TIRAMISU,5.7,0.0,1390.0
2026-03-26,Tortas y Postres,STRACIATELLA DULCE DE LECHE,6.0,0.0,1390.0
2026-03-26,Tortas y Postres,ARROLLADO DE DULCE DE LECHE,19.5,0.01,1390.0
2026-03-26,Tortas y Postres,ARROLLADO DE CHANTILLY,19.5,0.01,1390.0
2026-03-26,Tortas y Postres,APPLE PIE,31.3,0.02,1390.0
2026-03-26,Tortas y Postres,GANACHE DE FRUTILLAS,45.0,0.03,1390.0
2026-03-26,Tortas y Postres,TARTA DE FRUTAS SECAS,6.0,0.0,1390.0
2026-03-26,Tortas y Postres,POSTRE DE LECHE,42.0,0.03,1390.0
2026-03-26,Tortas y Postres,TORTA DE MANZANAS INVERTIDA,36.4,0.03,1390.0
2026-03-26,Tortas y Postres,POSTRE TRES LECHES,6.0,0.0,1390.0
2026-03-26,Tortas y Postres,ORIENTE,6.0,0.0,1390.0
2026-03-26,Tortas y Postres,SELVA NEGRA,42.0,0.03,1390.0
2026-03-26,Tortas y Postres,ROGEL,5.7,0.0,1390.0
2026-03-26,Tortas y Postres,CHAJA CON DURAZNOS,6.0,0.0,1390.0
2026-03-26,Tortas y Postres,BAVAROIS DE TRES CHOCOLATES,6.0,0.0,1390.0
2026-03-26,Tortas y Postres,CHOCOTORTA,6.0,0.0,1390.0
2026-03-26,Pasteleria y Panaderia,ALFAJORES,2.75,0.0,1390.0
2026-03-26,Pasteleria y Panaderia,BUDINES,8.8,0.01,1390.0
2026-03-26,Pasteleria y Panaderia,MASAS SECAS,42.0,0.03,1390.0
2026-03-26,Pasteleria y Panaderia,MASAS FINAS,42.0,0.03,1390.0
2026-03-26,Pasteleria y Panaderia,FACTURAS FINAS,23.5,0.02,1390.0
2026-03-26,Pasteleria y Panaderia,FACTURAS,21.0,0.02,1390.0
2026-03-26,Pasteleria y Panaderia,MEDIALUNAS,21.0,0.02,1390.0
2026-03-26,Pasteleria y Panaderia,MACARRONES,52.9,0.04,1390.0
2026-03-26,Salados,EMPANADAS,2.4,0.0,1390.0
2026-03-26,Salados,TARTAS POR PORCIÓN,6.0,0.0,1390.0
2026-03-26,Salados,SÁNDWICHES DE MIGA,14.3,0.01,1390.0
2026-03-26,Salados,PASTAS,5.3,0.0,1390.0
2026-03-27,Tortas y Postres,TARTA BLANCA DE RICOTA,42.0,0.03,1390.0
2026-03-27,Tortas y Postres,ALVEAR,42.0,0.03,1390.0
2026-03-27,Tortas y Postres,SAINT HONORE,45.0,0.03,1390.0
2026-03-27,Tortas Individuales,LEMON PIE,6.0,0.0,1390.0
2026-03-27,Tortas Individuales,TARTA DE FRUTAS DE ESTACION,6.0,0.0,1390.0
2026-03-27,Tortas y Postres,TORTELL,49.0,0.04,1390.0
2026-03-27,Tortas Individuales,POSTRE NURIA,6.0,0.0,1390.0
2026-03-27,Tortas Individuales,TARTA TOFFI,6.0,0.0,1390.0
2026-03-27,Tortas y Postres,TARTA BROWNIE,45.0,0.03,1390.0
2026-03-27,Tortas Individuales,GANACHE DE CHOCOLATE,6.0,0.0,1390.0
2026-03-27,Tortas y Postres,COMBINADO,42.0,0.03,1390.0
2026-03-27,Tortas Individuales,MIL HOJAS,5.6,0.0,1390.0
2026-03-27,Tortas y Postres,TORTA DE NUEZ Y CHOCOLATE,42.0,0.03,1390.0
2026-03-27,Tortas y Postres,CHEESECAKE DE LIMON,5.7,0.0,1390.0
2026-03-27,Tortas y Postres,KROCCO MILK,6.0,0.0,1390.0
2026-03-27,Tortas y Postres,FILETEADO,42.0,0.03,1390.0
2026-03-27,Tortas y Postres,BAVAROIS DE LIMÓN,6.0,0.0,1390.0
2026-03-27,Tortas y Postres,TIRAMISU,5.7,0.0,1390.0
2026-03-27,Tortas y Postres,STRACIATELLA DULCE DE LECHE,6.0,0.0,1390.0
2026-03-27,Tortas y Postres,ARROLLADO DE DULCE DE LECHE,19.5,0.01,1390.0
2026-03-27,Tortas y Postres,ARROLLADO DE CHANTILLY,19.5,0.01,1390.0
2026-03-27,Tortas y Postres,APPLE PIE,31.3,0.02,1390.0
2026-03-27,Tortas y Postres,GANACHE DE FRUTILLAS,45.0,0.03,1390.0
2026-03-27,Tortas y Postres,TARTA DE FRUTAS SECAS,6.0,0.0,1390.0
2026-03-27,Tortas y Postres,POSTRE DE LECHE,42.0,0.03,1390.0
2026-03-27,Tortas y Postres,TORTA DE MANZANAS INVERTIDA,36.4,0.03,1390.0
2026-03-27,Tortas y Postres,POSTRE TRES LECHES,6.0,0.0,1390.0
2026-03-27,Tortas y Postres,ORIENTE,6.0,0.0,1390.0
2026-03-27,Tortas y Postres,SELVA NEGRA,42.0,0.03,1390.0
2026-03-27,Tortas y Postres,ROGEL,5.7,0.0,1390.0
2026-03-27,Tortas y Postres,CHAJA CON DURAZNOS,6.0,0.0,1390.0
2026-03-27,Tortas y Postres,BAVAROIS DE TRES CHOCOLATES,6.0,0.0,1390.0
2026-03-27,Tortas y Postres,CHOCOTORTA,6.0,0.0,1390.0
2026-03-27,Pasteleria y Panaderia,ALFAJORES,2.75,0.0,1390.0
2026-03-27,Pasteleria y Panaderia,BUDINES,8.8,0.01,1390.0
2026-03-27,Pasteleria y Panaderia,MASAS SECAS,42.0,0.03,1390.0
2026-03-27,Pasteleria y Panaderia,MASAS FINAS,42.0,0.03,1390.0
2026-03-27,Pasteleria y Panaderia,FACTURAS FINAS,23.5,0.02,1390.0
2026-03-27,Pasteleria y Panaderia,FACTURAS,21.0,0.02,1390.0
2026-03-27,Pasteleria y Panaderia,MEDIALUNAS,21.0,0.02,1390.0
2026-03-27,Pasteleria y Panaderia,MACARRONES,52.9,0.04,1390.0
2026-03-27,Salados,EMPANADAS,2.4,0.0,1390.0
2026-03-27,Salados,TARTAS POR PORCIÓN,6.0,0.0,1390.0
2026-03-27,Salados,SÁNDWICHES DE MIGA,14.3,0.01,1390.0
2026-03-27,Salados,PASTAS,5.3,0.0,1390.0
